Data Source,World Development Indicators,,,,,,,,,,,,,,,,,,,,,,,,,,,,,,,,,,,,,,,,,,,,,,,,,,,,,,,,,,,,,,,,,
,,,,,,,,,,,,,,,,,,,,,,,,,,,,,,,,,,,,,,,,,,,,,,,,,,,,,,,,,,,,,,,,,,
Last Updated Date,5/10/2023,,,,,,,,,,,,,,,,,,,,,,,,,,,,,,,,,,,,,,,,,,,,,,,,,,,,,,,,,,,,,,,,,
,,,,,,,,,,,,,,,,,,,,,,,,,,,,,,,,,,,,,,,,,,,,,,,,,,,,,,,,,,,,,,,,,,
Country Name,Country Code,Indicator Name,Indicator Code,1960,1961,1962,1963,1964,1965,1966,1967,1968,1969,1970,1971,1972,1973,1974,1975,1976,1977,1978,1979,1980,1981,1982,1983,1984,1985,1986,1987,1988,1989,1990,1991,1992,1993,1994,1995,1996,1997,1998,1999,2000,2001,2002,2003,2004,2005,2006,2007,2008,2009,2010,2011,2012,2013,2014,2015,2016,2017,2018,2019,2020,2021,2022
Aruba,ABW,Population living in slums (% of urban population),EN.POP.SLUM.UR.ZS,,,,,,,,,,,,,,,,,,,,,,,,,,,,,,,,,,,,,,,,,,,,,,,,,,,,,,,,,,,,,,,
Africa Eastern and Southern,AFE,Population living in slums (% of urban population),EN.POP.SLUM.UR.ZS,,,,,,,,,,,,,,,,,,,,,,,,,,,,,,,,,,,,,,,,,55.37042833,,60.65440448,,59.59955835,,59.13328825,,58.42114498,,57.67719296,,56.9068103,,56.13895653,,55.34871112,,54.67294016,,54.38635113,,
Afghanistan,AFG,Population living in slums (% of urban population),EN.POP.SLUM.UR.ZS,,,,,,,,,,,,,,,,,,,,,,,,,,,,,,,,,,,,,,,,,,,,,,,63.6,,63.6,,64.80761,,67.24795,,69.68829,,72.12863,,73.3,,73.3,,
Africa Western and Central,AFW,Population living in slums (% of urban population),EN.POP.SLUM.UR.ZS,,,,,,,,,,,,,,,,,,,,,,,,,,,,,,,,,,,,,,,,,71.29779162,,69.022259,,66.57672763,,64.02742403,,61.50084022,,58.9139334,,56.31535086,,53.71459733,,51.12099652,,48.69823378,,46.25718037,,
Angola,AGO,Population living in slums (% of urban population),EN.POP.SLUM.UR.ZS,,,,,,,,,,,,,,,,,,,,,,,,,,,,,,,,,,,,,,,,,19.7,,19.7,,19.66039,,25.79191,,31.92344,,38.05496,,44.18648,,50.31801,,56.44953,,62.58105,,62.6,,
Albania,ALB,Population living in slums (% of urban population),EN.POP.SLUM.UR.ZS,,,,,,,,,,,,,,,,,,,,,,,,,,,,,,,,,,,,,,,,,28.1,,25.5,,23,,20.5,,17.9,,15.4,,12.9,,10.3,,7.8,,5.3,,2.8,,
Andorra,AND,Population living in slums (% of urban population),EN.POP.SLUM.UR.ZS,,,,,,,,,,,,,,,,,,,,,,,,,,,,,,,,,,,,,,,,,,,,,,,,,,,,,,,,,,,,,,,
Arab World,ARB,Population living in slums (% of urban population),EN.POP.SLUM.UR.ZS,,,,,,,,,,,,,,,,,,,,,,,,,,,,,,,,,,,,,,,,,,,,,,,39.1107753,,34.76688607,,31.8523767,,28.65392537,,25.50010869,,23.64711953,,23.97407057,,,,
United Arab Emirates,ARE,Population living in slums (% of urban population),EN.POP.SLUM.UR.ZS,,,,,,,,,,,,,,,,,,,,,,,,,,,,,,,,,,,,,,,,,,,,,,,,,,,,,,,,,,,,,,,
Argentina,ARG,Population living in slums (% of urban population),EN.POP.SLUM.UR.ZS,,,,,,,,,,,,,,,,,,,,,,,,,,,,,,,,,,,,,,,,,20.29188,,19.56624,,18.84059,,18.11494,,17.3893,,16.66365,,15.93801,,,,,,,,,,
Armenia,ARM,Population living in slums (% of urban population),EN.POP.SLUM.UR.ZS,,,,,,,,,,,,,,,,,,,,,,,,,,,,,,,,,,,,,,,,,12.79599,,12.30696,,11.81793,,11.3289,,10.83987,,10.35084,,9.86181,,9.37278,,8.88375,,8.39472,,8.39472,,
American Samoa,ASM,Population living in slums (% of urban population),EN.POP.SLUM.UR.ZS,,,,,,,,,,,,,,,,,,,,,,,,,,,,,,,,,,,,,,,,,,,,,,,,,,,,,,,,,,,,,,,
Antigua and Barbuda,ATG,Population living in slums (% of urban population),EN.POP.SLUM.UR.ZS,,,,,,,,,,,,,,,,,,,,,,,,,,,,,,,,,,,,,,,,,,,,,,,,,,,,,,,,,,,,,,,
Australia,AUS,Population living in slums (% of urban population),EN.POP.SLUM.UR.ZS,,,,,,,,,,,,,,,,,,,,,,,,,,,,,,,,,,,,,,,,,,,,,,,,,,,,,,,,,,,,,,,
Austria,AUT,Population living in slums (% of urban population),EN.POP.SLUM.UR.ZS,,,,,,,,,,,,,,,,,,,,,,,,,,,,,,,,,,,,,,,,,4.5,,4.4,,4.4,,4.4,,,,,,,,,,,,,,,,
Azerbaijan,AZE,Population living in slums (% of urban population),EN.POP.SLUM.UR.ZS,,,,,,,,,,,,,,,,,,,,,,,,,,,,,,,,,,,,,,,,,50.94,,44.93667,,38.93333,,32.93,,26.92667,,26.92667,,26.92667,,,,,,,,,,
Burundi,BDI,Population living in slums (% of urban population),EN.POP.SLUM.UR.ZS,,,,,,,,,,,,,,,,,,,,,,,,,,,,,,,,,,,,,,,,,79.7,,79.7,,77.04306,,71.68054,,66.31802,,60.9555,,55.59298,,50.23046,,44.86794,,39.50542,,36.8,,
Belgium,BEL,Population living in slums (% of urban population),EN.POP.SLUM.UR.ZS,,,,,,,,,,,,,,,,,,,,,,,,,,,,,,,,,,,,,,,,,,,,,,,,,,,,,,,,,,,,,,,
Benin,BEN,Population living in slums (% of urban population),EN.POP.SLUM.UR.ZS,,,,,,,,,,,,,,,,,,,,,,,,,,,,,,,,,,,,,,,,,71.86569,,71.47241,,71.07914,,70.68586,,70.29258,,69.89931,,69.50603,,69.11276,,68.71948,,68.3262,,67.93293,,
Burkina Faso,BFA,Population living in slums (% of urban population),EN.POP.SLUM.UR.ZS,,,,,,,,,,,,,,,,,,,,,,,,,,,,,,,,,,,,,,,,,82.21152,,76.64539,,71.07927,,65.51314,,59.94701,,54.38089,,48.81476,,43.24863,,37.6825,,32.11638,,26.55025,,
Bangladesh,BGD,Population living in slums (% of urban population),EN.POP.SLUM.UR.ZS,,,,,,,,,,,,,,,,,,,,,,,,,,,,,,,,,,,,,,,,,58.31077,,57.66662,,57.02246,,56.3783,,55.73415,,55.08999,,54.44584,,53.80168,,53.15752,,52.51337,,51.86921,,
Bulgaria,BGR,Population living in slums (% of urban population),EN.POP.SLUM.UR.ZS,,,,,,,,,,,,,,,,,,,,,,,,,,,,,,,,,,,,,,,,,,,,,,,,,,,,,,,,,,,,,,,
Bahrain,BHR,Population living in slums (% of urban population),EN.POP.SLUM.UR.ZS,,,,,,,,,,,,,,,,,,,,,,,,,,,,,,,,,,,,,,,,,,,,,,,,,,,,,,,,,,,,,,,
"Bahamas, The",BHS,Population living in slums (% of urban population),EN.POP.SLUM.UR.ZS,,,,,,,,,,,,,,,,,,,,,,,,,,,,,,,,,,,,,,,,,,,,,,,,,,,,,,,,,,,,,,,
Bosnia and Herzegovina,BIH,Population living in slums (% of urban population),EN.POP.SLUM.UR.ZS,,,,,,,,,,,,,,,,,,,,,,,,,,,,,,,,,,,,,,,,,5.1,,5.1,,5.1,,4.9,,4.7,,4.5,,4.3,,4,,4,,4,,,,
Belarus,BLR,Population living in slums (% of urban population),EN.POP.SLUM.UR.ZS,,,,,,,,,,,,,,,,,,,,,,,,,,,,,,,,,,,,,,,,,17.5584,,16.03017,,14.50194,,12.97371,,11.44548,,9.91726,,8.38903,,6.8608,,5.33257,,3.80434,,2.27611,,
Belize,BLZ,Population living in slums (% of urban population),EN.POP.SLUM.UR.ZS,,,,,,,,,,,,,,,,,,,,,,,,,,,,,,,,,,,,,,,,,15.8,,15.76133,,15.75733,,15.75333,,15.74933,,15.74533,,15.74133,,15.73733,,15.73333,,15.72933,,15.72533,,
Bermuda,BMU,Population living in slums (% of urban population),EN.POP.SLUM.UR.ZS,,,,,,,,,,,,,,,,,,,,,,,,,,,,,,,,,,,,,,,,,,,,,,,,,,,,,,,,,,,,,,,
Bolivia,BOL,Population living in slums (% of urban population),EN.POP.SLUM.UR.ZS,,,,,,,,,,,,,,,,,,,,,,,,,,,,,,,,,,,,,,,,,57.94489,,55.68105,,53.41721,,51.15337,,48.88953,,46.62568,,46.62568,,46.62568,,,,,,,,
Brazil,BRA,Population living in slums (% of urban population),EN.POP.SLUM.UR.ZS,,,,,,,,,,,,,,,,,,,,,,,,,,,,,,,,,,,,,,,,,34.73978,,31.43266,,28.12555,,24.81844,,21.51132,,18.20421,,14.8971,,14.8971,,14.8971,,,,,,
Barbados,BRB,Population living in slums (% of urban population),EN.POP.SLUM.UR.ZS,,,,,,,,,,,,,,,,,,,,,,,,,,,,,,,,,,,,,,,,,,,,,,,,,,,,,,,,,,,,,,,
Brunei Darussalam,BRN,Population living in slums (% of urban population),EN.POP.SLUM.UR.ZS,,,,,,,,,,,,,,,,,,,,,,,,,,,,,,,,,,,,,,,,,,,,,,,,,,,,,,,,,,,,,,,
Bhutan,BTN,Population living in slums (% of urban population),EN.POP.SLUM.UR.ZS,,,,,,,,,,,,,,,,,,,,,,,,,,,,,,,,,,,,,,,,,,,,,,,,,,,,,,,,,,,,,,,
Botswana,BWA,Population living in slums (% of urban population),EN.POP.SLUM.UR.ZS,,,,,,,,,,,,,,,,,,,,,,,,,,,,,,,,,,,,,,,,,58.69239,,56.56976,,54.44714,,52.32451,,50.20189,,48.07927,,45.95664,,43.83402,,41.71139,,39.58877,,39.6,,
Central African Republic,CAF,Population living in slums (% of urban population),EN.POP.SLUM.UR.ZS,,,,,,,,,,,,,,,,,,,,,,,,,,,,,,,,,,,,,,,,,85.96516,,83.12315,,80.28114,,77.43913,,74.59712,,71.75511,,68.9131,,68.9131,,68.9131,,,,,,
Canada,CAN,Population living in slums (% of urban population),EN.POP.SLUM.UR.ZS,,,,,,,,,,,,,,,,,,,,,,,,,,,,,,,,,,,,,,,,,,,,,,,,,,,,,,,,,,,,,,,
Central Europe and the Baltics,CEB,Population living in slums (% of urban population),EN.POP.SLUM.UR.ZS,,,,,,,,,,,,,,,,,,,,,,,,,,,,,,,,,,,,,,,,,,,,,,,,,,,,,,,,,,,,,,,
Switzerland,CHE,Population living in slums (% of urban population),EN.POP.SLUM.UR.ZS,,,,,,,,,,,,,,,,,,,,,,,,,,,,,,,,,,,,,,,,,,,,,,,,,,,,,,,,,,,,,,,
Channel Islands,CHI,Population living in slums (% of urban population),EN.POP.SLUM.UR.ZS,,,,,,,,,,,,,,,,,,,,,,,,,,,,,,,,,,,,,,,,,,,,,,,,,,,,,,,,,,,,,,,
Chile,CHL,Population living in slums (% of urban population),EN.POP.SLUM.UR.ZS,,,,,,,,,,,,,,,,,,,,,,,,,,,,,,,,,,,,,,,,,14.616,,10.97,,7.324,,7.3,,7.3,,,,,,,,,,,,,,
China,CHN,Population living in slums (% of urban population),EN.POP.SLUM.UR.ZS,,,,,,,,,,,,,,,,,,,,,,,,,,,,,,,,,,,,,,,,,,,,,,,,,,,,,,,,,,,,,,,
Cote d'Ivoire,CIV,Population living in slums (% of urban population),EN.POP.SLUM.UR.ZS,,,,,,,,,,,,,,,,,,,,,,,,,,,,,,,,,,,,,,,,,67.07658,,65.53594,,63.9953,,62.45466,,60.91402,,59.37338,,57.83274,,56.2921,,54.75146,,53.21082,,53.21082,,
Cameroon,CMR,Population living in slums (% of urban population),EN.POP.SLUM.UR.ZS,,,,,,,,,,,,,,,,,,,,,,,,,,,,,,,,,,,,,,,,,65.3638,,62.0946,,58.8254,,55.55619,,52.28699,,49.01779,,45.74859,,42.47939,,39.21019,,35.94099,,32.67179,,
"Congo, Dem. Rep.",COD,Population living in slums (% of urban population),EN.POP.SLUM.UR.ZS,,,,,,,,,,,,,,,,,,,,,,,,,,,,,,,,,,,,,,,,,,,71.91424,,71.91424,,72.37482,,73.29596,,74.21711,,75.13825,,76.0594,,76.98054,,77.90169,,78.36226,,
"Congo, Rep.",COG,Population living in slums (% of urban population),EN.POP.SLUM.UR.ZS,,,,,,,,,,,,,,,,,,,,,,,,,,,,,,,,,,,,,,,,,87.80583,,87.80583,,84.68995,,78.45821,,72.22646,,65.99471,,59.76296,,53.53121,,47.29947,,44.18359,,44.18359,,
Colombia,COL,Population living in slums (% of urban population),EN.POP.SLUM.UR.ZS,,,,,,,,,,,,,,,,,,,,,,,,,,,,,,,,,,,,,,,,,21.17683,,19.83238,,18.48794,,17.14349,,15.79905,,14.4546,,13.11016,,11.76571,,10.42127,,9.7,,9.7,,
Comoros,COM,Population living in slums (% of urban population),EN.POP.SLUM.UR.ZS,,,,,,,,,,,,,,,,,,,,,,,,,,,,,,,,,,,,,,,,,64.49449,,65.08643,,65.67836,,66.27029,,66.86223,,67.45416,,68.0461,,68.63803,,68.6,,68.6,,,,
Cabo Verde,CPV,Population living in slums (% of urban population),EN.POP.SLUM.UR.ZS,,,,,,,,,,,,,,,,,,,,,,,,,,,,,,,,,,,,,,,,,,,,,,,,,,,,,,,,,,,,,,,
Costa Rica,CRI,Population living in slums (% of urban population),EN.POP.SLUM.UR.ZS,,,,,,,,,,,,,,,,,,,,,,,,,,,,,,,,,,,,,,,,,12.69593,,11.78091,,10.86589,,9.95087,,9.03585,,8.12083,,7.20581,,6.29079,,5.37577,,4.46075,,3.54573,,
Caribbean small states,CSS,Population living in slums (% of urban population),EN.POP.SLUM.UR.ZS,,,,,,,,,,,,,,,,,,,,,,,,,,,,,,,,,,,,,,,,,,,,,,,,,,,,,,,,,,,,,,,
Cuba,CUB,Population living in slums (% of urban population),EN.POP.SLUM.UR.ZS,,,,,,,,,,,,,,,,,,,,,,,,,,,,,,,,,,,,,,,,,2.15371,,2.15371,,2.15371,,3.20225,,4.25079,,5.29933,,6.34787,,7.3964,,8.44494,,9.49348,,10.54202,,
Curacao,CUW,Population living in slums (% of urban population),EN.POP.SLUM.UR.ZS,,,,,,,,,,,,,,,,,,,,,,,,,,,,,,,,,,,,,,,,,,,,,,,,,,,,,,,,,,,,,,,
Cayman Islands,CYM,Population living in slums (% of urban population),EN.POP.SLUM.UR.ZS,,,,,,,,,,,,,,,,,,,,,,,,,,,,,,,,,,,,,,,,,,,,,,,,,,,,,,,,,,,,,,,
Cyprus,CYP,Population living in slums (% of urban population),EN.POP.SLUM.UR.ZS,,,,,,,,,,,,,,,,,,,,,,,,,,,,,,,,,,,,,,,,,,,,,,,,,,,,,,,,,,,,,,,
Czechia,CZE,Population living in slums (% of urban population),EN.POP.SLUM.UR.ZS,,,,,,,,,,,,,,,,,,,,,,,,,,,,,,,,,,,,,,,,,,,,,,,,,,,,,,,,,,,,,,,
Germany,DEU,Population living in slums (% of urban population),EN.POP.SLUM.UR.ZS,,,,,,,,,,,,,,,,,,,,,,,,,,,,,,,,,,,,,,,,,,,,,,,,,,,,,,,,,,,,,,,
Djibouti,DJI,Population living in slums (% of urban population),EN.POP.SLUM.UR.ZS,,,,,,,,,,,,,,,,,,,,,,,,,,,,,,,,,,,,,,,,,,,,,,,,,,,,,,,,,,,,,,,
Dominica,DMA,Population living in slums (% of urban population),EN.POP.SLUM.UR.ZS,,,,,,,,,,,,,,,,,,,,,,,,,,,,,,,,,,,,,,,,,,,,,,,,,,,,,,,,,,,,,,,
Denmark,DNK,Population living in slums (% of urban population),EN.POP.SLUM.UR.ZS,,,,,,,,,,,,,,,,,,,,,,,,,,,,,,,,,,,,,,,,,,,,,,,,,,,,,,,,,,,,,,,
Dominican Republic,DOM,Population living in slums (% of urban population),EN.POP.SLUM.UR.ZS,,,,,,,,,,,,,,,,,,,,,,,,,,,,,,,,,,,,,,,,,30.15546,,27.79214,,25.42881,,23.06549,,20.70217,,18.33885,,15.97552,,13.6122,,11.24888,,11.24888,,11.24888,,
Algeria,DZA,Population living in slums (% of urban population),EN.POP.SLUM.UR.ZS,,,,,,,,,,,,,,,,,,,,,,,,,,,,,,,,,,,,,,,,,,,,,,,,,30.8,,30.8,,28.88661,,24.98121,,21.07581,,17.17042,,13.26502,,
East Asia & Pacific (excluding high income),EAP,Population living in slums (% of urban population),EN.POP.SLUM.UR.ZS,,,,,,,,,,,,,,,,,,,,,,,,,,,,,,,,,,,,,,,,,,,,,,,,,,,,,,,,,,,,,,,
Early-demographic dividend,EAR,Population living in slums (% of urban population),EN.POP.SLUM.UR.ZS,,,,,,,,,,,,,,,,,,,,,,,,,,,,,,,,,,,,,,,,,46.6889086,,45.50376543,,44.34063129,,43.15736275,,41.9636109,,40.75757586,,39.41785331,,38.84959848,,37.67397526,,36.85465795,,39.22578696,,
East Asia & Pacific,EAS,Population living in slums (% of urban population),EN.POP.SLUM.UR.ZS,,,,,,,,,,,,,,,,,,,,,,,,,,,,,,,,,,,,,,,,,,,,,,,,,,,,,,,,,,,,,,,
Europe & Central Asia (excluding high income),ECA,Population living in slums (% of urban population),EN.POP.SLUM.UR.ZS,,,,,,,,,,,,,,,,,,,,,,,,,,,,,,,,,,,,,,,,,,,,,,,,,,,,,,,,,,,,,,,
Europe & Central Asia,ECS,Population living in slums (% of urban population),EN.POP.SLUM.UR.ZS,,,,,,,,,,,,,,,,,,,,,,,,,,,,,,,,,,,,,,,,,,,,,,,,,,,,,,,,,,,,,,,
Ecuador,ECU,Population living in slums (% of urban population),EN.POP.SLUM.UR.ZS,,,,,,,,,,,,,,,,,,,,,,,,,,,,,,,,,,,,,,,,,57.41273,,57.84727,,57.8,,57.8,,,,,,,,,,,,,,,,
"Egypt, Arab Rep.",EGY,Population living in slums (% of urban population),EN.POP.SLUM.UR.ZS,,,,,,,,,,,,,,,,,,,,,,,,,,,,,,,,,,,,,,,,,42.22616,,36.71599,,31.20583,,25.69566,,20.1855,,14.67533,,9.16517,,3.655,,0.89992,,0.89992,,,,
Euro area,EMU,Population living in slums (% of urban population),EN.POP.SLUM.UR.ZS,,,,,,,,,,,,,,,,,,,,,,,,,,,,,,,,,,,,,,,,,,,,,,,,,,,,,,,,,,,,,,,
Eritrea,ERI,Population living in slums (% of urban population),EN.POP.SLUM.UR.ZS,,,,,,,,,,,,,,,,,,,,,,,,,,,,,,,,,,,,,,,,,,,,,,,,,,,,,,,,,,,,,,,
Spain,ESP,Population living in slums (% of urban population),EN.POP.SLUM.UR.ZS,,,,,,,,,,,,,,,,,,,,,,,,,,,,,,,,,,,,,,,,,,,,,,,,,,,,,,,,,,,,,,,
Estonia,EST,Population living in slums (% of urban population),EN.POP.SLUM.UR.ZS,,,,,,,,,,,,,,,,,,,,,,,,,,,,,,,,,,,,,,,,,,,,,,,,,,,,,,,,,,,,,,,
Ethiopia,ETH,Population living in slums (% of urban population),EN.POP.SLUM.UR.ZS,,,,,,,,,,,,,,,,,,,,,,,,,,,,,,,,,,,,,,,,,92.17158,,89.07633,,85.98109,,82.88584,,79.7906,,76.69536,,73.60011,,70.50487,,67.40962,,64.31438,,64.31438,,
European Union,EUU,Population living in slums (% of urban population),EN.POP.SLUM.UR.ZS,,,,,,,,,,,,,,,,,,,,,,,,,,,,,,,,,,,,,,,,,,,,,,,,,,,,,,,,,,,,,,,
Fragile and conflict affected situations,FCS,Population living in slums (% of urban population),EN.POP.SLUM.UR.ZS,,,,,,,,,,,,,,,,,,,,,,,,,,,,,,,,,,,,,,,,,48.34523687,,53.29289544,,53.16424268,,53.22828215,,55.16617274,,54.05157761,,52.87927412,,51.75027665,,51.01397052,,50.83970684,,54.93222962,,
Finland,FIN,Population living in slums (% of urban population),EN.POP.SLUM.UR.ZS,,,,,,,,,,,,,,,,,,,,,,,,,,,,,,,,,,,,,,,,,,,,,,,,,,,,,,,,,,,,,,,
Fiji,FJI,Population living in slums (% of urban population),EN.POP.SLUM.UR.ZS,,,,,,,,,,,,,,,,,,,,,,,,,,,,,,,,,,,,,,,,,,,15,,15,,14.5,,13.5,,12.5,,11.4,,10.4,,9.4,,9.4,,9.4,,
France,FRA,Population living in slums (% of urban population),EN.POP.SLUM.UR.ZS,,,,,,,,,,,,,,,,,,,,,,,,,,,,,,,,,,,,,,,,,,,,,,,,,,,,,,,,,,,,,,,
Faroe Islands,FRO,Population living in slums (% of urban population),EN.POP.SLUM.UR.ZS,,,,,,,,,,,,,,,,,,,,,,,,,,,,,,,,,,,,,,,,,,,,,,,,,,,,,,,,,,,,,,,
"Micronesia, Fed. Sts.",FSM,Population living in slums (% of urban population),EN.POP.SLUM.UR.ZS,,,,,,,,,,,,,,,,,,,,,,,,,,,,,,,,,,,,,,,,,,,,,,,,,,,,,,,,,,,,,,,
Gabon,GAB,Population living in slums (% of urban population),EN.POP.SLUM.UR.ZS,,,,,,,,,,,,,,,,,,,,,,,,,,,,,,,,,,,,,,,,,57.43,,55.55895,,53.6879,,51.81685,,49.9458,,48.07475,,46.2037,,44.33265,,44.33265,,44.33265,,,,
United Kingdom,GBR,Population living in slums (% of urban population),EN.POP.SLUM.UR.ZS,,,,,,,,,,,,,,,,,,,,,,,,,,,,,,,,,,,,,,,,,,,,,,,,,,,,,,,,,,,,,,,
Georgia,GEO,Population living in slums (% of urban population),EN.POP.SLUM.UR.ZS,,,,,,,,,,,,,,,,,,,,,,,,,,,,,,,,,,,,,,,,,13.6,,13.6,,13.2148,,12.44783,,11.68087,,10.9139,,10.14694,,9.37997,,8.61301,,7.84604,,7.07908,,
Ghana,GHA,Population living in slums (% of urban population),EN.POP.SLUM.UR.ZS,,,,,,,,,,,,,,,,,,,,,,,,,,,,,,,,,,,,,,,,,60.36841,,57.00822,,53.64802,,50.28782,,46.92763,,43.56743,,40.20724,,36.84704,,33.48685,,33.48685,,33.48685,,
Gibraltar,GIB,Population living in slums (% of urban population),EN.POP.SLUM.UR.ZS,,,,,,,,,,,,,,,,,,,,,,,,,,,,,,,,,,,,,,,,,,,,,,,,,,,,,,,,,,,,,,,
Guinea,GIN,Population living in slums (% of urban population),EN.POP.SLUM.UR.ZS,,,,,,,,,,,,,,,,,,,,,,,,,,,,,,,,,,,,,,,,,40.66534,,41.49952,,42.3337,,43.16788,,44.00206,,44.83624,,45.67042,,46.5046,,47.33878,,48.17296,,49.00714,,
"Gambia, The",GMB,Population living in slums (% of urban population),EN.POP.SLUM.UR.ZS,,,,,,,,,,,,,,,,,,,,,,,,,,,,,,,,,,,,,,,,,56.92053,,55.11779,,53.31504,,51.5123,,49.70956,,47.90681,,46.10407,,44.30132,,42.49858,,40.69583,,38.89309,,
Guinea-Bissau,GNB,Population living in slums (% of urban population),EN.POP.SLUM.UR.ZS,,,,,,,,,,,,,,,,,,,,,,,,,,,,,,,,,,,,,,,,,,,,,,,,,75.2,,75.2,,75.24783,,71.63847,,68.0291,,64.41973,,60.81037,,
Equatorial Guinea,GNQ,Population living in slums (% of urban population),EN.POP.SLUM.UR.ZS,,,,,,,,,,,,,,,,,,,,,,,,,,,,,,,,,,,,,,,,,,,,,,,,,,,,,,,,,,,,,,,
Greece,GRC,Population living in slums (% of urban population),EN.POP.SLUM.UR.ZS,,,,,,,,,,,,,,,,,,,,,,,,,,,,,,,,,,,,,,,,,,,,,,,,,,,,,,,,,,,,,,,
Grenada,GRD,Population living in slums (% of urban population),EN.POP.SLUM.UR.ZS,,,,,,,,,,,,,,,,,,,,,,,,,,,,,,,,,,,,,,,,,,,,,,,,,,,,,,,,,,,,,,,
Greenland,GRL,Population living in slums (% of urban population),EN.POP.SLUM.UR.ZS,,,,,,,,,,,,,,,,,,,,,,,,,,,,,,,,,,,,,,,,,,,,,,,,,,,,,,,,,,,,,,,
Guatemala,GTM,Population living in slums (% of urban population),EN.POP.SLUM.UR.ZS,,,,,,,,,,,,,,,,,,,,,,,,,,,,,,,,,,,,,,,,,55.49609,,53.25944,,51.0228,,48.78615,,46.5495,,44.31286,,42.07621,,39.83957,,37.60292,,37.6,,37.6,,
Guam,GUM,Population living in slums (% of urban population),EN.POP.SLUM.UR.ZS,,,,,,,,,,,,,,,,,,,,,,,,,,,,,,,,,,,,,,,,,,,,,,,,,,,,,,,,,,,,,,,
Guyana,GUY,Population living in slums (% of urban population),EN.POP.SLUM.UR.ZS,,,,,,,,,,,,,,,,,,,,,,,,,,,,,,,,,,,,,,,,,26.1,,26.1,,25.31799,,23.67077,,22.02354,,20.37632,,18.7291,,17.08187,,15.43465,,13.78743,,12.1402,,
High income,HIC,Population living in slums (% of urban population),EN.POP.SLUM.UR.ZS,,,,,,,,,,,,,,,,,,,,,,,,,,,,,,,,,,,,,,,,,,,,,,,,,,,,,,,,,,,,,,,
"Hong Kong SAR, China",HKG,Population living in slums (% of urban population),EN.POP.SLUM.UR.ZS,,,,,,,,,,,,,,,,,,,,,,,,,,,,,,,,,,,,,,,,,,,,,,,,,,,,,,,,,,,,,,,
Honduras,HND,Population living in slums (% of urban population),EN.POP.SLUM.UR.ZS,,,,,,,,,,,,,,,,,,,,,,,,,,,,,,,,,,,,,,,,,44.4,,44.4,,43.24,,40.9,,38.56,,36.22,,33.88,,31.54,,31.5,,31.5,,,,
Heavily indebted poor countries (HIPC),HPC,Population living in slums (% of urban population),EN.POP.SLUM.UR.ZS,,,,,,,,,,,,,,,,,,,,,,,,,,,,,,,,,,,,,,,,,73.27508341,,72.85787834,,70.75095081,,68.44044268,,66.18398324,,63.96425836,,61.77223053,,59.65828433,,57.93804513,,56.21720209,,55.42531901,,
Croatia,HRV,Population living in slums (% of urban population),EN.POP.SLUM.UR.ZS,,,,,,,,,,,,,,,,,,,,,,,,,,,,,,,,,,,,,,,,,,,,,,,,,,,,,,,,,,,,,,,
Haiti,HTI,Population living in slums (% of urban population),EN.POP.SLUM.UR.ZS,,,,,,,,,,,,,,,,,,,,,,,,,,,,,,,,,,,,,,,,,61.2833,,59.97767,,58.67204,,57.36641,,56.06078,,54.75515,,53.44951,,52.14388,,50.83825,,49.53262,,48.9,,
Hungary,HUN,Population living in slums (% of urban population),EN.POP.SLUM.UR.ZS,,,,,,,,,,,,,,,,,,,,,,,,,,,,,,,,,,,,,,,,,15.4,,14.2,,12.9,,11.6,,10.4,,9.1,,7.9,,7.2,,7.2,,,,,,
IBRD only,IBD,Population living in slums (% of urban population),EN.POP.SLUM.UR.ZS,,,,,,,,,,,,,,,,,,,,,,,,,,,,,,,,,,,,,,,,,,,,,,,,,,,,,,,,,,,,,,,
IDA & IBRD total,IBT,Population living in slums (% of urban population),EN.POP.SLUM.UR.ZS,,,,,,,,,,,,,,,,,,,,,,,,,,,,,,,,,,,,,,,,,,,,,42.5372218,,41.19712472,,39.82917495,,38.75126893,,37.32035575,,36.70076449,,35.79096204,,,,,,
IDA total,IDA,Population living in slums (% of urban population),EN.POP.SLUM.UR.ZS,,,,,,,,,,,,,,,,,,,,,,,,,,,,,,,,,,,,,,,,,67.98248619,,67.65776898,,66.0100575,,64.34073235,,62.60704474,,60.84252963,,58.99856743,,57.18732962,,55.39147475,,53.71501721,,52.71058574,,
IDA blend,IDB,Population living in slums (% of urban population),EN.POP.SLUM.UR.ZS,,,,,,,,,,,,,,,,,,,,,,,,,,,,,,,,,,,,,,,,,70.24302477,,68.18628221,,66.26465791,,64.28739282,,62.2690013,,60.21779224,,58.12315491,,55.97798352,,53.79721423,,51.75793265,,49.77508881,,
Indonesia,IDN,Population living in slums (% of urban population),EN.POP.SLUM.UR.ZS,,,,,,,,,,,,,,,,,,,,,,,,,,,,,,,,,,,,,,,,,35.12568,,33.47149,,31.81729,,30.1631,,28.5089,,26.85471,,25.20051,,23.54632,,21.89212,,20.23793,,19.41083,,
IDA only,IDX,Population living in slums (% of urban population),EN.POP.SLUM.UR.ZS,,,,,,,,,,,,,,,,,,,,,,,,,,,,,,,,,,,,,,,,,66.23177456,,67.31192793,,65.84364323,,64.37460856,,62.82107928,,61.23767802,,59.55609319,,57.94923697,,56.38165457,,54.92875177,,54.62396988,,
Isle of Man,IMN,Population living in slums (% of urban population),EN.POP.SLUM.UR.ZS,,,,,,,,,,,,,,,,,,,,,,,,,,,,,,,,,,,,,,,,,,,,,,,,,,,,,,,,,,,,,,,
India,IND,Population living in slums (% of urban population),EN.POP.SLUM.UR.ZS,,,,,,,,,,,,,,,,,,,,,,,,,,,,,,,,,,,,,,,,,55.29477,,54.59656,,53.89834,,53.20013,,52.50192,,51.8037,,51.10549,,50.40728,,49.70906,,49.01085,,49.01085,,
Not classified,INX,Population living in slums (% of urban population),EN.POP.SLUM.UR.ZS,,,,,,,,,,,,,,,,,,,,,,,,,,,,,,,,,,,,,,,,,,,,,,,,,,,,,,,,,,,,,,,
Ireland,IRL,Population living in slums (% of urban population),EN.POP.SLUM.UR.ZS,,,,,,,,,,,,,,,,,,,,,,,,,,,,,,,,,,,,,,,,,6.2,,6.4,,6.7,,6.9,,7.2,,7.5,,7.7,,8,,8.3,,8.5,,8.5,,
"Iran, Islamic Rep.",IRN,Population living in slums (% of urban population),EN.POP.SLUM.UR.ZS,,,,,,,,,,,,,,,,,,,,,,,,,,,,,,,,,,,,,,,,,,,,,,,,,,,,,,,,,,,,,,,
Iraq,IRQ,Population living in slums (% of urban population),EN.POP.SLUM.UR.ZS,,,,,,,,,,,,,,,,,,,,,,,,,,,,,,,,,,,,,,,,,33.89419,,35.43867,,36.98314,,38.52762,,40.07209,,41.61657,,43.16104,,44.70552,,46.24999,,47.79447,,49.33894,,
Iceland,ISL,Population living in slums (% of urban population),EN.POP.SLUM.UR.ZS,,,,,,,,,,,,,,,,,,,,,,,,,,,,,,,,,,,,,,,,,,,,,,,,,,,,,,,,,,,,,,,
Israel,ISR,Population living in slums (% of urban population),EN.POP.SLUM.UR.ZS,,,,,,,,,,,,,,,,,,,,,,,,,,,,,,,,,,,,,,,,,,,,,,,,,,,,,,,,,,,,,,,
Italy,ITA,Population living in slums (% of urban population),EN.POP.SLUM.UR.ZS,,,,,,,,,,,,,,,,,,,,,,,,,,,,,,,,,,,,,,,,,,,,,,,,,,,,,,,,,,,,,,,
Jamaica,JAM,Population living in slums (% of urban population),EN.POP.SLUM.UR.ZS,,,,,,,,,,,,,,,,,,,,,,,,,,,,,,,,,,,,,,,,,,,,,,,,,,,,,,,,,,,,,,,
Jordan,JOR,Population living in slums (% of urban population),EN.POP.SLUM.UR.ZS,,,,,,,,,,,,,,,,,,,,,,,,,,,,,,,,,,,,,,,,,40.01581,,37.68646,,35.35711,,33.02776,,30.6984,,28.36905,,26.0397,,23.71035,,21.381,,19.05165,,16.72229,,
Japan,JPN,Population living in slums (% of urban population),EN.POP.SLUM.UR.ZS,,,,,,,,,,,,,,,,,,,,,,,,,,,,,,,,,,,,,,,,,,,,,,,,,,,,,,,,,,,,,,,
Kazakhstan,KAZ,Population living in slums (% of urban population),EN.POP.SLUM.UR.ZS,,,,,,,,,,,,,,,,,,,,,,,,,,,,,,,,,,,,,,,,,24.45811,,21.67406,,18.89002,,16.10598,,13.32194,,10.5379,,7.75386,,4.96982,,2.18578,,0.79376,,0.79376,,
Kenya,KEN,Population living in slums (% of urban population),EN.POP.SLUM.UR.ZS,,,,,,,,,,,,,,,,,,,,,,,,,,,,,,,,,,,,,,,,,63.18451,,61.63811,,60.09171,,58.54531,,56.99891,,55.45251,,53.90611,,52.35971,,50.81331,,50.81331,,50.81331,,
Kyrgyz Republic,KGZ,Population living in slums (% of urban population),EN.POP.SLUM.UR.ZS,,,,,,,,,,,,,,,,,,,,,,,,,,,,,,,,,,,,,,,,,47.15842,,42.68651,,38.2146,,33.74269,,29.27078,,24.79887,,20.32696,,15.85505,,11.38314,,6.91123,,2.43932,,
Cambodia,KHM,Population living in slums (% of urban population),EN.POP.SLUM.UR.ZS,,,,,,,,,,,,,,,,,,,,,,,,,,,,,,,,,,,,,,,,,84.8,,79.2,,73.6,,67.9,,62.3,,56.6,,51,,45.4,,39.7,,39.7,,39.7,,
Kiribati,KIR,Population living in slums (% of urban population),EN.POP.SLUM.UR.ZS,,,,,,,,,,,,,,,,,,,,,,,,,,,,,,,,,,,,,,,,,,,,,,,,,,,,,,,,,,,,,,,
St. Kitts and Nevis,KNA,Population living in slums (% of urban population),EN.POP.SLUM.UR.ZS,,,,,,,,,,,,,,,,,,,,,,,,,,,,,,,,,,,,,,,,,,,,,,,,,,,,,,,,,,,,,,,
"Korea, Rep.",KOR,Population living in slums (% of urban population),EN.POP.SLUM.UR.ZS,,,,,,,,,,,,,,,,,,,,,,,,,,,,,,,,,,,,,,,,,,,,,,,,,,,,,,,,,,,,,,,
Kuwait,KWT,Population living in slums (% of urban population),EN.POP.SLUM.UR.ZS,,,,,,,,,,,,,,,,,,,,,,,,,,,,,,,,,,,,,,,,,,,,,,,,,,,,,,,,,,,,,,,
Latin America & Caribbean (excluding high income),LAC,Population living in slums (% of urban population),EN.POP.SLUM.UR.ZS,,,,,,,,,,,,,,,,,,,,,,,,,,,,,,,,,,,,,,,,,33.18202567,,31.25743521,,29.13648337,,26.9950045,,24.0694499,,21.85802871,,19.28470413,,18.7940718,,16.39487428,,,,,,
Lao PDR,LAO,Population living in slums (% of urban population),EN.POP.SLUM.UR.ZS,,,,,,,,,,,,,,,,,,,,,,,,,,,,,,,,,,,,,,,,,54.4,,51,,47.5,,44.1,,40.7,,37.3,,33.8,,30.4,,27,,23.6,,21.8,,
Lebanon,LBN,Population living in slums (% of urban population),EN.POP.SLUM.UR.ZS,,,,,,,,,,,,,,,,,,,,,,,,,,,,,,,,,,,,,,,,,,,92.4,,92.4,,92.41022,,67.30186,,42.19351,,17.08516,,4.5,,4.5,,,,,,
Liberia,LBR,Population living in slums (% of urban population),EN.POP.SLUM.UR.ZS,,,,,,,,,,,,,,,,,,,,,,,,,,,,,,,,,,,,,,,,,,,75.48823,,75.48823,,74.59566,,72.81052,,71.02538,,69.24025,,67.45511,,65.66997,,63.88484,,63.88484,,
Libya,LBY,Population living in slums (% of urban population),EN.POP.SLUM.UR.ZS,,,,,,,,,,,,,,,,,,,,,,,,,,,,,,,,,,,,,,,,,,,,,,,,,,,,,,,,,,,,,,,
St. Lucia,LCA,Population living in slums (% of urban population),EN.POP.SLUM.UR.ZS,,,,,,,,,,,,,,,,,,,,,,,,,,,,,,,,,,,,,,,,,,,,,,,,,,,,,,,,,,,,,,,
Latin America & Caribbean,LCN,Population living in slums (% of urban population),EN.POP.SLUM.UR.ZS,,,,,,,,,,,,,,,,,,,,,,,,,,,,,,,,,,,,,,,,,32.20253265,,30.27266077,,28.19941573,,26.23743991,,23.43045063,,21.79117941,,19.20399589,,18.65588236,,16.37511656,,,,,,
Least developed countries: UN classification,LDC,Population living in slums (% of urban population),EN.POP.SLUM.UR.ZS,,,,,,,,,,,,,,,,,,,,,,,,,,,,,,,,,,,,,,,,,64.39832874,,66.20006256,,64.86458208,,63.93096599,,62.88912022,,61.81457458,,60.74733154,,59.69524741,,58.65648318,,57.60305041,,57.01929648,,
Low income,LIC,Population living in slums (% of urban population),EN.POP.SLUM.UR.ZS,,,,,,,,,,,,,,,,,,,,,,,,,,,,,,,,,,,,,,,,,,,75.67819443,,74.07624288,,72.05907496,,70.23865601,,68.4119997,,66.6259302,,64.88235484,,63.1173059,,61.22671169,,59.95473866,,
Liechtenstein,LIE,Population living in slums (% of urban population),EN.POP.SLUM.UR.ZS,,,,,,,,,,,,,,,,,,,,,,,,,,,,,,,,,,,,,,,,,,,,,,,,,,,,,,,,,,,,,,,
Sri Lanka,LKA,Population living in slums (% of urban population),EN.POP.SLUM.UR.ZS,,,,,,,,,,,,,,,,,,,,,,,,,,,,,,,,,,,,,,,,,,,,,,,,,,,,,,,,,,,,,,,
Lower middle income,LMC,Population living in slums (% of urban population),EN.POP.SLUM.UR.ZS,,,,,,,,,,,,,,,,,,,,,,,,,,,,,,,,,,,,,,,,,51.45930506,,50.39425832,,49.13014471,,47.58388665,,45.83586302,,44.47154948,,42.98433198,,41.52800707,,40.23149766,,39.52584558,,41.36643596,,
Low & middle income,LMY,Population living in slums (% of urban population),EN.POP.SLUM.UR.ZS,,,,,,,,,,,,,,,,,,,,,,,,,,,,,,,,,,,,,,,,,,,44.26575667,,42.94575491,,41.58519177,,39.98109165,,38.63809465,,37.23088578,,36.62962803,,35.67718379,,,,,,
Lesotho,LSO,Population living in slums (% of urban population),EN.POP.SLUM.UR.ZS,,,,,,,,,,,,,,,,,,,,,,,,,,,,,,,,,,,,,,,,,62.72729,,62.72729,,58.59683,,54.46637,,50.33592,,46.20546,,42.075,,37.94455,,33.81409,,29.68363,,25.55318,,
Late-demographic dividend,LTE,Population living in slums (% of urban population),EN.POP.SLUM.UR.ZS,,,,,,,,,,,,,,,,,,,,,,,,,,,,,,,,,,,,,,,,,,,,,,,,,,,,,,,,,,,,,,,
Lithuania,LTU,Population living in slums (% of urban population),EN.POP.SLUM.UR.ZS,,,,,,,,,,,,,,,,,,,,,,,,,,,,,,,,,,,,,,,,,,,,,,,,,,,,,,,,,,,,,,,
Luxembourg,LUX,Population living in slums (% of urban population),EN.POP.SLUM.UR.ZS,,,,,,,,,,,,,,,,,,,,,,,,,,,,,,,,,,,,,,,,,,,,,,,,,,,,,,,,,,,,,,,
Latvia,LVA,Population living in slums (% of urban population),EN.POP.SLUM.UR.ZS,,,,,,,,,,,,,,,,,,,,,,,,,,,,,,,,,,,,,,,,,,,,,,,,,,,,,,,,,,,,,,,
"Macao SAR, China",MAC,Population living in slums (% of urban population),EN.POP.SLUM.UR.ZS,,,,,,,,,,,,,,,,,,,,,,,,,,,,,,,,,,,,,,,,,,,,,,,,,,,,,,,,,,,,,,,
St. Martin (French part),MAF,Population living in slums (% of urban population),EN.POP.SLUM.UR.ZS,,,,,,,,,,,,,,,,,,,,,,,,,,,,,,,,,,,,,,,,,,,,,,,,,,,,,,,,,,,,,,,
Morocco,MAR,Population living in slums (% of urban population),EN.POP.SLUM.UR.ZS,,,,,,,,,,,,,,,,,,,,,,,,,,,,,,,,,,,,,,,,,33.15472,,30.36674,,27.57876,,24.79078,,22.0028,,19.21482,,16.42684,,13.63886,,10.85088,,10.85088,,10.85088,,
Monaco,MCO,Population living in slums (% of urban population),EN.POP.SLUM.UR.ZS,,,,,,,,,,,,,,,,,,,,,,,,,,,,,,,,,,,,,,,,,,,,,,,,,,,,,,,,,,,,,,,
Moldova,MDA,Population living in slums (% of urban population),EN.POP.SLUM.UR.ZS,,,,,,,,,,,,,,,,,,,,,,,,,,,,,,,,,,,,,,,,,26.5,,23.7,,20.8,,18,,15.1,,12.3,,9.4,,6.5,,6.5,,6.5,,,,
Madagascar,MDG,Population living in slums (% of urban population),EN.POP.SLUM.UR.ZS,,,,,,,,,,,,,,,,,,,,,,,,,,,,,,,,,,,,,,,,,91.43569,,89.03413,,86.63257,,84.23101,,81.82945,,79.42789,,77.02633,,74.62477,,72.22321,,69.82165,,67.42009,,
Maldives,MDV,Population living in slums (% of urban population),EN.POP.SLUM.UR.ZS,,,,,,,,,,,,,,,,,,,,,,,,,,,,,,,,,,,,,,,,,,,,,41.535,,41.535,,40.9775,,39.8625,,38.7475,,37.6325,,36.5175,,35.4025,,34.845,,
Middle East & North Africa,MEA,Population living in slums (% of urban population),EN.POP.SLUM.UR.ZS,,,,,,,,,,,,,,,,,,,,,,,,,,,,,,,,,,,,,,,,,,,,,,,,,,,,,,,,,,,,,,,
Mexico,MEX,Population living in slums (% of urban population),EN.POP.SLUM.UR.ZS,,,,,,,,,,,,,,,,,,,,,,,,,,,,,,,,,,,,,,,,,32.16297,,30.44793,,28.73289,,27.01784,,25.3028,,23.58776,,21.87272,,20.15767,,18.44263,,17.6,,17.6,,
Marshall Islands,MHL,Population living in slums (% of urban population),EN.POP.SLUM.UR.ZS,,,,,,,,,,,,,,,,,,,,,,,,,,,,,,,,,,,,,,,,,,,,,,,,,,,,,,,,,,,,,,,
Middle income,MIC,Population living in slums (% of urban population),EN.POP.SLUM.UR.ZS,,,,,,,,,,,,,,,,,,,,,,,,,,,,,,,,,,,,,,,,,,,,,,,,,37.46449969,,36.07084397,,34.59542735,,33.93085383,,32.89549197,,,,,,
North Macedonia,MKD,Population living in slums (% of urban population),EN.POP.SLUM.UR.ZS,,,,,,,,,,,,,,,,,,,,,,,,,,,,,,,,,,,,,,,,,,,,,,,,,,,,,,,,,,,,,,,
Mali,MLI,Population living in slums (% of urban population),EN.POP.SLUM.UR.ZS,,,,,,,,,,,,,,,,,,,,,,,,,,,,,,,,,,,,,,,,,83.87627,,79.68152,,75.48678,,71.29204,,67.09729,,62.90255,,58.7078,,54.51306,,50.31832,,46.12357,,41.92883,,
Malta,MLT,Population living in slums (% of urban population),EN.POP.SLUM.UR.ZS,,,,,,,,,,,,,,,,,,,,,,,,,,,,,,,,,,,,,,,,,,,,,,,,,,,,,,,,,,,,,,,
Myanmar,MMR,Population living in slums (% of urban population),EN.POP.SLUM.UR.ZS,,,,,,,,,,,,,,,,,,,,,,,,,,,,,,,,,,,,,,,,,29.39935,,32.60843,,35.81751,,39.02659,,42.23566,,45.44474,,48.65382,,51.8629,,55.07197,,58.28105,,58.28105,,
Middle East & North Africa (excluding high income),MNA,Population living in slums (% of urban population),EN.POP.SLUM.UR.ZS,,,,,,,,,,,,,,,,,,,,,,,,,,,,,,,,,,,,,,,,,,,,,,,,,29.24207417,,26.47956272,,23.45926249,,20.49623571,,18.82855741,,18.87670359,,,,
Montenegro,MNE,Population living in slums (% of urban population),EN.POP.SLUM.UR.ZS,,,,,,,,,,,,,,,,,,,,,,,,,,,,,,,,,,,,,,,,,19.1,,19.1,,18.5,,17.3,,16.1,,14.9,,13.6,,12.4,,11.2,,10,,8.8,,
Mongolia,MNG,Population living in slums (% of urban population),EN.POP.SLUM.UR.ZS,,,,,,,,,,,,,,,,,,,,,,,,,,,,,,,,,,,,,,,,,57.60411,,53.63156,,49.65902,,45.68648,,41.71394,,37.7414,,33.76886,,29.79631,,25.82377,,21.85123,,17.87869,,
Northern Mariana Islands,MNP,Population living in slums (% of urban population),EN.POP.SLUM.UR.ZS,,,,,,,,,,,,,,,,,,,,,,,,,,,,,,,,,,,,,,,,,,,,,,,,,,,,,,,,,,,,,,,
Mozambique,MOZ,Population living in slums (% of urban population),EN.POP.SLUM.UR.ZS,,,,,,,,,,,,,,,,,,,,,,,,,,,,,,,,,,,,,,,,,90.09549,,86.58183,,83.06817,,79.55451,,76.04086,,72.5272,,69.01354,,65.49988,,61.98622,,58.47257,,54.95891,,
Mauritania,MRT,Population living in slums (% of urban population),EN.POP.SLUM.UR.ZS,,,,,,,,,,,,,,,,,,,,,,,,,,,,,,,,,,,,,,,,,84.69319,,81.3166,,77.94,,74.5634,,71.18681,,67.81021,,64.43361,,61.05702,,57.68042,,56,,56,,
Mauritius,MUS,Population living in slums (% of urban population),EN.POP.SLUM.UR.ZS,,,,,,,,,,,,,,,,,,,,,,,,,,,,,,,,,,,,,,,,,,,,,,,,,,,,,,,,,,,,,,,
Malawi,MWI,Population living in slums (% of urban population),EN.POP.SLUM.UR.ZS,,,,,,,,,,,,,,,,,,,,,,,,,,,,,,,,,,,,,,,,,81.41073,,77.89671,,74.38269,,70.86866,,67.35464,,63.84062,,60.32659,,56.81257,,53.29854,,49.78452,,49.78452,,
Malaysia,MYS,Population living in slums (% of urban population),EN.POP.SLUM.UR.ZS,,,,,,,,,,,,,,,,,,,,,,,,,,,,,,,,,,,,,,,,,,,,,,,,,,,,,,,,,,,,,,,
North America,NAC,Population living in slums (% of urban population),EN.POP.SLUM.UR.ZS,,,,,,,,,,,,,,,,,,,,,,,,,,,,,,,,,,,,,,,,,,,,,,,,,,,,,,,,,,,,,,,
Namibia,NAM,Population living in slums (% of urban population),EN.POP.SLUM.UR.ZS,,,,,,,,,,,,,,,,,,,,,,,,,,,,,,,,,,,,,,,,,42.55683,,42.4078,,42.25878,,42.10975,,41.96073,,41.8117,,41.66268,,41.51365,,41.36463,,41.4,,,,
New Caledonia,NCL,Population living in slums (% of urban population),EN.POP.SLUM.UR.ZS,,,,,,,,,,,,,,,,,,,,,,,,,,,,,,,,,,,,,,,,,,,,,,,,,,,,,,,,,,,,,,,
Niger,NER,Population living in slums (% of urban population),EN.POP.SLUM.UR.ZS,,,,,,,,,,,,,,,,,,,,,,,,,,,,,,,,,,,,,,,,,70.03805,,70.09604,,70.15403,,70.21202,,70.27001,,70.32799,,70.38598,,70.44397,,70.44397,,70.44397,,,,
Nigeria,NGA,Population living in slums (% of urban population),EN.POP.SLUM.UR.ZS,,,,,,,,,,,,,,,,,,,,,,,,,,,,,,,,,,,,,,,,,74.10729,,71.59477,,69.08224,,66.56972,,64.0572,,61.54467,,59.03215,,56.51963,,54.00711,,51.49458,,48.98206,,
Nicaragua,NIC,Population living in slums (% of urban population),EN.POP.SLUM.UR.ZS,,,,,,,,,,,,,,,,,,,,,,,,,,,,,,,,,,,,,,,,,71.59811,,70.33595,,69.07378,,67.81162,,67.2,,67.2,,,,,,,,,,,,
Netherlands,NLD,Population living in slums (% of urban population),EN.POP.SLUM.UR.ZS,,,,,,,,,,,,,,,,,,,,,,,,,,,,,,,,,,,,,,,,,,,,,,,,,,,,,,,,,,,,,,,
Norway,NOR,Population living in slums (% of urban population),EN.POP.SLUM.UR.ZS,,,,,,,,,,,,,,,,,,,,,,,,,,,,,,,,,,,,,,,,,,,,,,,,,,,,,,,,,,,,,,,
Nepal,NPL,Population living in slums (% of urban population),EN.POP.SLUM.UR.ZS,,,,,,,,,,,,,,,,,,,,,,,,,,,,,,,,,,,,,,,,,66.31029,,63.41828,,60.52627,,57.63426,,54.74225,,51.85024,,48.95823,,46.06622,,43.17421,,40.2822,,40.2822,,
Nauru,NRU,Population living in slums (% of urban population),EN.POP.SLUM.UR.ZS,,,,,,,,,,,,,,,,,,,,,,,,,,,,,,,,,,,,,,,,,,,,,,,,,,,,,,,,,,,,,,,
New Zealand,NZL,Population living in slums (% of urban population),EN.POP.SLUM.UR.ZS,,,,,,,,,,,,,,,,,,,,,,,,,,,,,,,,,,,,,,,,,,,,,,,,,,,,,,,,,,,,,,,
OECD members,OED,Population living in slums (% of urban population),EN.POP.SLUM.UR.ZS,,,,,,,,,,,,,,,,,,,,,,,,,,,,,,,,,,,,,,,,,,,,,,,,,,,,,,,,,,,,,,,
Oman,OMN,Population living in slums (% of urban population),EN.POP.SLUM.UR.ZS,,,,,,,,,,,,,,,,,,,,,,,,,,,,,,,,,,,,,,,,,,,,,,,,,,,,,,,,,,,,,,,
Other small states,OSS,Population living in slums (% of urban population),EN.POP.SLUM.UR.ZS,,,,,,,,,,,,,,,,,,,,,,,,,,,,,,,,,,,,,,,,,,,,,,,,,,,,,,,,,,,,,,,
Pakistan,PAK,Population living in slums (% of urban population),EN.POP.SLUM.UR.ZS,,,,,,,,,,,,,,,,,,,,,,,,,,,,,,,,,,,,,,,,,71.22167,,69.69687,,68.17208,,66.64728,,65.12249,,63.59769,,62.0729,,60.5481,,59.0233,,57.49851,,55.97371,,
Panama,PAN,Population living in slums (% of urban population),EN.POP.SLUM.UR.ZS,,,,,,,,,,,,,,,,,,,,,,,,,,,,,,,,,,,,,,,,,48.67615,,44.36462,,40.05308,,35.74154,,31.43,,27.11846,,22.80692,,18.49538,,16.3,,16.3,,,,
Peru,PER,Population living in slums (% of urban population),EN.POP.SLUM.UR.ZS,,,,,,,,,,,,,,,,,,,,,,,,,,,,,,,,,,,,,,,,,47.41309,,45.56432,,43.71555,,41.86678,,40.018,,38.16923,,36.32046,,34.47168,,,,,,,,
Philippines,PHL,Population living in slums (% of urban population),EN.POP.SLUM.UR.ZS,,,,,,,,,,,,,,,,,,,,,,,,,,,,,,,,,,,,,,,,,49.97359,,48.56749,,47.16139,,45.75529,,44.34919,,42.94309,,41.53699,,40.13089,,38.7248,,37.3187,,36.61565,,
Palau,PLW,Population living in slums (% of urban population),EN.POP.SLUM.UR.ZS,,,,,,,,,,,,,,,,,,,,,,,,,,,,,,,,,,,,,,,,,,,,,,,,,,,,,,,,,,,,,,,
Papua New Guinea,PNG,Population living in slums (% of urban population),EN.POP.SLUM.UR.ZS,,,,,,,,,,,,,,,,,,,,,,,,,,,,,,,,,,,,,,,,,,,,,,,,,,,,,,,,,,,,,,,
Poland,POL,Population living in slums (% of urban population),EN.POP.SLUM.UR.ZS,,,,,,,,,,,,,,,,,,,,,,,,,,,,,,,,,,,,,,,,,,,,,,,,,,,,,,,,,,,,,,,
Pre-demographic dividend,PRE,Population living in slums (% of urban population),EN.POP.SLUM.UR.ZS,,,,,,,,,,,,,,,,,,,,,,,,,,,,,,,,,,,,,,,,,66.30083635,,67.22923016,,65.57411402,,64.2856419,,62.92778709,,61.42325681,,59.93002148,,58.47503713,,57.04424091,,55.58760776,,54.10537188,,
Puerto Rico,PRI,Population living in slums (% of urban population),EN.POP.SLUM.UR.ZS,,,,,,,,,,,,,,,,,,,,,,,,,,,,,,,,,,,,,,,,,,,,,,,,,,,,,,,,,,,,,,,
"Korea, Dem. People's Rep.",PRK,Population living in slums (% of urban population),EN.POP.SLUM.UR.ZS,,,,,,,,,,,,,,,,,,,,,,,,,,,,,,,,,,,,,,,,,,,,,,,,,,,,,,,,,,,,,,,
Portugal,PRT,Population living in slums (% of urban population),EN.POP.SLUM.UR.ZS,,,,,,,,,,,,,,,,,,,,,,,,,,,,,,,,,,,,,,,,,,,,,,,,,,,,,,,,,,,,,,,
Paraguay,PRY,Population living in slums (% of urban population),EN.POP.SLUM.UR.ZS,,,,,,,,,,,,,,,,,,,,,,,,,,,,,,,,,,,,,,,,,42.02714,,39.03,,36.03286,,33.03571,,30.03857,,27.04143,,24.04429,,21.04714,,18.05,,15.05286,,15.1,,
West Bank and Gaza,PSE,Population living in slums (% of urban population),EN.POP.SLUM.UR.ZS,,,,,,,,,,,,,,,,,,,,,,,,,,,,,,,,,,,,,,,,,,,30,,30,,29.07112,,27.16442,,25.25772,,23.35102,,21.44433,,19.53763,,19.5,,19.5,,
Pacific island small states,PSS,Population living in slums (% of urban population),EN.POP.SLUM.UR.ZS,,,,,,,,,,,,,,,,,,,,,,,,,,,,,,,,,,,,,,,,,,,,,,,,,,,,,,,,,,,,,,,
Post-demographic dividend,PST,Population living in slums (% of urban population),EN.POP.SLUM.UR.ZS,,,,,,,,,,,,,,,,,,,,,,,,,,,,,,,,,,,,,,,,,,,,,,,,,,,,,,,,,,,,,,,
French Polynesia,PYF,Population living in slums (% of urban population),EN.POP.SLUM.UR.ZS,,,,,,,,,,,,,,,,,,,,,,,,,,,,,,,,,,,,,,,,,,,,,,,,,,,,,,,,,,,,,,,
Qatar,QAT,Population living in slums (% of urban population),EN.POP.SLUM.UR.ZS,,,,,,,,,,,,,,,,,,,,,,,,,,,,,,,,,,,,,,,,,,,,,,,,,,,,,,,,,,,,,,,
Romania,ROU,Population living in slums (% of urban population),EN.POP.SLUM.UR.ZS,,,,,,,,,,,,,,,,,,,,,,,,,,,,,,,,,,,,,,,,,,,,,,,,,,,,,,,,,,,,,,,
Russian Federation,RUS,Population living in slums (% of urban population),EN.POP.SLUM.UR.ZS,,,,,,,,,,,,,,,,,,,,,,,,,,,,,,,,,,,,,,,,,,,,,,,,,,,,,,,,,,,,,,,
Rwanda,RWA,Population living in slums (% of urban population),EN.POP.SLUM.UR.ZS,,,,,,,,,,,,,,,,,,,,,,,,,,,,,,,,,,,,,,,,,71.42051,,67.93933,,64.45814,,60.97695,,57.49576,,54.01458,,50.53339,,47.0522,,43.57101,,40.08982,,38.34923,,
South Asia,SAS,Population living in slums (% of urban population),EN.POP.SLUM.UR.ZS,,,,,,,,,,,,,,,,,,,,,,,,,,,,,,,,,,,,,,,,,57.78006306,,56.97924703,,56.15148299,,55.43472821,,54.62736218,,53.84326108,,53.07404226,,52.29813524,,51.51968646,,50.73107608,,50.48424487,,
Saudi Arabia,SAU,Population living in slums (% of urban population),EN.POP.SLUM.UR.ZS,,,,,,,,,,,,,,,,,,,,,,,,,,,,,,,,,,,,,,,,,,,,,,,,,,,,,,,,,,,,,,,
Sudan,SDN,Population living in slums (% of urban population),EN.POP.SLUM.UR.ZS,,,,,,,,,,,,,,,,,,,,,,,,,,,,,,,,,,,,,,,,,,,99.1,,99.1,,99.08834,,94.00333,,88.91831,,83.8333,,78.74829,,73.66328,,73.7,,73.7,,
Senegal,SEN,Population living in slums (% of urban population),EN.POP.SLUM.UR.ZS,,,,,,,,,,,,,,,,,,,,,,,,,,,,,,,,,,,,,,,,,67.15485,,63.59985,,60.04485,,56.48985,,52.93485,,49.37985,,45.82485,,42.26985,,38.71484,,35.15984,,31.60484,,
Singapore,SGP,Population living in slums (% of urban population),EN.POP.SLUM.UR.ZS,,,,,,,,,,,,,,,,,,,,,,,,,,,,,,,,,,,,,,,,,,,,,,,,,,,,,,,,,,,,,,,
Solomon Islands,SLB,Population living in slums (% of urban population),EN.POP.SLUM.UR.ZS,,,,,,,,,,,,,,,,,,,,,,,,,,,,,,,,,,,,,,,,,,,,,,,,,,,,,,,,,,,,,,,
Sierra Leone,SLE,Population living in slums (% of urban population),EN.POP.SLUM.UR.ZS,,,,,,,,,,,,,,,,,,,,,,,,,,,,,,,,,,,,,,,,,73.9,,73.9,,72.5475,,69.80989,,67.07228,,64.33467,,61.59705,,58.85944,,56.12183,,53.38422,,50.64661,,
El Salvador,SLV,Population living in slums (% of urban population),EN.POP.SLUM.UR.ZS,,,,,,,,,,,,,,,,,,,,,,,,,,,,,,,,,,,,,,,,,,,49.5,,49.5,,46.49143,,40.48857,,34.48571,,28.48286,,22.48,,16.47714,,16.5,,16.5,,
San Marino,SMR,Population living in slums (% of urban population),EN.POP.SLUM.UR.ZS,,,,,,,,,,,,,,,,,,,,,,,,,,,,,,,,,,,,,,,,,,,,,,,,,,,,,,,,,,,,,,,
Somalia,SOM,Population living in slums (% of urban population),EN.POP.SLUM.UR.ZS,,,,,,,,,,,,,,,,,,,,,,,,,,,,,,,,,,,,,,,,,,,,,,,,,,,,,,,,,,,,,,,
Serbia,SRB,Population living in slums (% of urban population),EN.POP.SLUM.UR.ZS,,,,,,,,,,,,,,,,,,,,,,,,,,,,,,,,,,,,,,,,,,,,,,,,,,,,,,,,,,,,,,,
Sub-Saharan Africa (excluding high income),SSA,Population living in slums (% of urban population),EN.POP.SLUM.UR.ZS,,,,,,,,,,,,,,,,,,,,,,,,,,,,,,,,,,,,,,,,,63.70156457,,64.5257355,,62.85631311,,61.43626512,,59.88184531,,58.26619875,,56.62432151,,54.98009308,,53.3288276,,51.81968999,,50.55351772,,
South Sudan,SSD,Population living in slums (% of urban population),EN.POP.SLUM.UR.ZS,,,,,,,,,,,,,,,,,,,,,,,,,,,,,,,,,,,,,,,,,,,99.8,,99.8,,99.8,,99.80584,,97.0038,,94.20176,,94.2,,94.2,,,,,,
Sub-Saharan Africa,SSF,Population living in slums (% of urban population),EN.POP.SLUM.UR.ZS,,,,,,,,,,,,,,,,,,,,,,,,,,,,,,,,,,,,,,,,,63.70156457,,64.5257355,,62.85631311,,61.43626512,,59.88184531,,58.26619875,,56.62432151,,54.98009308,,53.3288276,,51.81968999,,50.55351772,,
Small states,SST,Population living in slums (% of urban population),EN.POP.SLUM.UR.ZS,,,,,,,,,,,,,,,,,,,,,,,,,,,,,,,,,,,,,,,,,,,,,,,,,,,,,,,,,,,,,,,
Sao Tome and Principe,STP,Population living in slums (% of urban population),EN.POP.SLUM.UR.ZS,,,,,,,,,,,,,,,,,,,,,,,,,,,,,,,,,,,,,,,,,,,,,61.4,,61.4,,60.3972,,58.45879,,56.52039,,54.58198,,52.64358,,52.6,,52.6,,
Suriname,SUR,Population living in slums (% of urban population),EN.POP.SLUM.UR.ZS,,,,,,,,,,,,,,,,,,,,,,,,,,,,,,,,,,,,,,,,,7.43018,,8.26719,,9.10421,,9.94123,,10.77825,,11.61526,,12.45228,,13.2893,,14.12632,,14.96333,,15.80035,,
Slovak Republic,SVK,Population living in slums (% of urban population),EN.POP.SLUM.UR.ZS,,,,,,,,,,,,,,,,,,,,,,,,,,,,,,,,,,,,,,,,,,,,,,,,,,,,,,,,,,,,,,,
Slovenia,SVN,Population living in slums (% of urban population),EN.POP.SLUM.UR.ZS,,,,,,,,,,,,,,,,,,,,,,,,,,,,,,,,,,,,,,,,,,,,,,,,,,,,,,,,,,,,,,,
Sweden,SWE,Population living in slums (% of urban population),EN.POP.SLUM.UR.ZS,,,,,,,,,,,,,,,,,,,,,,,,,,,,,,,,,,,,,,,,,,,,,,,,,,,,,,,,,,,,,,,
Eswatini,SWZ,Population living in slums (% of urban population),EN.POP.SLUM.UR.ZS,,,,,,,,,,,,,,,,,,,,,,,,,,,,,,,,,,,,,,,,,55.35217,,55.35217,,55.35217,,47.92817,,40.50418,,33.08018,,25.65619,,18.23219,,10.8082,,10.8082,,10.8082,,
Sint Maarten (Dutch part),SXM,Population living in slums (% of urban population),EN.POP.SLUM.UR.ZS,,,,,,,,,,,,,,,,,,,,,,,,,,,,,,,,,,,,,,,,,,,,,,,,,,,,,,,,,,,,,,,
Seychelles,SYC,Population living in slums (% of urban population),EN.POP.SLUM.UR.ZS,,,,,,,,,,,,,,,,,,,,,,,,,,,,,,,,,,,,,,,,,,,,,,,,,,,,,,,,,,,,,,,
Syrian Arab Republic,SYR,Population living in slums (% of urban population),EN.POP.SLUM.UR.ZS,,,,,,,,,,,,,,,,,,,,,,,,,,,,,,,,,,,,,,,,,,,,,,,,,,,,,,,,,,,,,,,
Turks and Caicos Islands,TCA,Population living in slums (% of urban population),EN.POP.SLUM.UR.ZS,,,,,,,,,,,,,,,,,,,,,,,,,,,,,,,,,,,,,,,,,,,,,,,,,,,,,,,,,,,,,,,
Chad,TCD,Population living in slums (% of urban population),EN.POP.SLUM.UR.ZS,,,,,,,,,,,,,,,,,,,,,,,,,,,,,,,,,,,,,,,,,91.58375,,90.45647,,89.32919,,88.20191,,87.07463,,85.94735,,84.82007,,83.69279,,82.56551,,82,,82,,
East Asia & Pacific (IDA & IBRD countries),TEA,Population living in slums (% of urban population),EN.POP.SLUM.UR.ZS,,,,,,,,,,,,,,,,,,,,,,,,,,,,,,,,,,,,,,,,,,,,,,,,,,,,,,,,,,,,,,,
Europe & Central Asia (IDA & IBRD countries),TEC,Population living in slums (% of urban population),EN.POP.SLUM.UR.ZS,,,,,,,,,,,,,,,,,,,,,,,,,,,,,,,,,,,,,,,,,,,,,,,,,,,,,,,,,,,,,,,
Togo,TGO,Population living in slums (% of urban population),EN.POP.SLUM.UR.ZS,,,,,,,,,,,,,,,,,,,,,,,,,,,,,,,,,,,,,,,,,69.27204,,66.02873,,62.78541,,59.54209,,56.29878,,53.05546,,49.81214,,46.56882,,43.32551,,40.08219,,38.5,,
Thailand,THA,Population living in slums (% of urban population),EN.POP.SLUM.UR.ZS,,,,,,,,,,,,,,,,,,,,,,,,,,,,,,,,,,,,,,,,,15.6056,,15.6056,,15.08731,,14.05075,,13.01419,,11.97763,,10.94107,,9.90451,,8.86794,,7.83138,,6.79482,,
Tajikistan,TJK,Population living in slums (% of urban population),EN.POP.SLUM.UR.ZS,,,,,,,,,,,,,,,,,,,,,,,,,,,,,,,,,,,,,,,,,60.27623,,55.72756,,51.1789,,46.63024,,42.08157,,37.53291,,32.98425,,28.43558,,23.88692,,19.33825,,17.06392,,
Turkmenistan,TKM,Population living in slums (% of urban population),EN.POP.SLUM.UR.ZS,,,,,,,,,,,,,,,,,,,,,,,,,,,,,,,,,,,,,,,,,10.5,,10.5,,10.50752,,10.25739,,10.00727,,9.75714,,9.50701,,9.25688,,9.00675,,8.75663,,8.5065,,
Latin America & the Caribbean (IDA & IBRD countries),TLA,Population living in slums (% of urban population),EN.POP.SLUM.UR.ZS,,,,,,,,,,,,,,,,,,,,,,,,,,,,,,,,,,,,,,,,,32.87141255,,30.87693586,,28.74445381,,26.70639916,,23.8421813,,22.14905645,,19.47796409,,18.91359324,,16.56922221,,,,,,
Timor-Leste,TLS,Population living in slums (% of urban population),EN.POP.SLUM.UR.ZS,,,,,,,,,,,,,,,,,,,,,,,,,,,,,,,,,,,,,,,,,,,,,56.1,,56.1,,54,,50,,46,,42,,37.9,,33.9,,33.9,,
Middle East & North Africa (IDA & IBRD countries),TMN,Population living in slums (% of urban population),EN.POP.SLUM.UR.ZS,,,,,,,,,,,,,,,,,,,,,,,,,,,,,,,,,,,,,,,,,,,,,,,,,29.28749706,,26.5064351,,23.46164102,,20.47573554,,18.81325332,,18.86269347,,,,
Tonga,TON,Population living in slums (% of urban population),EN.POP.SLUM.UR.ZS,,,,,,,,,,,,,,,,,,,,,,,,,,,,,,,,,,,,,,,,,,,,,,,,,,,,,,,,,,,,,,,
South Asia (IDA & IBRD),TSA,Population living in slums (% of urban population),EN.POP.SLUM.UR.ZS,,,,,,,,,,,,,,,,,,,,,,,,,,,,,,,,,,,,,,,,,57.78006306,,56.97924703,,56.15148299,,55.43472821,,54.62736218,,53.84326108,,53.07404226,,52.29813524,,51.51968646,,50.73107608,,50.48424487,,
Sub-Saharan Africa (IDA & IBRD countries),TSS,Population living in slums (% of urban population),EN.POP.SLUM.UR.ZS,,,,,,,,,,,,,,,,,,,,,,,,,,,,,,,,,,,,,,,,,63.70156457,,64.5257355,,62.85631311,,61.43626512,,59.88184531,,58.26619875,,56.62432151,,54.98009308,,53.3288276,,51.81968999,,50.55351772,,
Trinidad and Tobago,TTO,Population living in slums (% of urban population),EN.POP.SLUM.UR.ZS,,,,,,,,,,,,,,,,,,,,,,,,,,,,,,,,,,,,,,,,,11.06,,11.06,,11.06,,10.28,,9.5,,8.72,,7.94,,7.5,,7.5,,,,,,
Tunisia,TUN,Population living in slums (% of urban population),EN.POP.SLUM.UR.ZS,,,,,,,,,,,,,,,,,,,,,,,,,,,,,,,,,,,,,,,,,,,,,,,10.4,,10.4,,10.14415,,9.64392,,9.14369,,8.64346,,8.14324,,7.64301,,
Turkiye,TUR,Population living in slums (% of urban population),EN.POP.SLUM.UR.ZS,,,,,,,,,,,,,,,,,,,,,,,,,,,,,,,,,,,,,,,,,24.58136,,23.18733,,21.79329,,20.39926,,19.00523,,17.61119,,16.21716,,14.82313,,14.12611,,14.12611,,,,
Tuvalu,TUV,Population living in slums (% of urban population),EN.POP.SLUM.UR.ZS,,,,,,,,,,,,,,,,,,,,,,,,,,,,,,,,,,,,,,,,,,,,,,,,,,,,,,,,,,,,,,,
Tanzania,TZA,Population living in slums (% of urban population),EN.POP.SLUM.UR.ZS,,,,,,,,,,,,,,,,,,,,,,,,,,,,,,,,,,,,,,,,,81.32802,,77.07039,,72.81275,,68.55511,,64.29748,,60.03984,,55.78221,,51.52457,,47.26693,,43.0093,,40.88048,,
Uganda,UGA,Population living in slums (% of urban population),EN.POP.SLUM.UR.ZS,,,,,,,,,,,,,,,,,,,,,,,,,,,,,,,,,,,,,,,,,80.90118,,78.21228,,75.52337,,72.83447,,70.14557,,67.45666,,64.76776,,62.07886,,59.38995,,56.70105,,54.01214,,
Ukraine,UKR,Population living in slums (% of urban population),EN.POP.SLUM.UR.ZS,,,,,,,,,,,,,,,,,,,,,,,,,,,,,,,,,,,,,,,,,5,,5,,4.6,,3.9,,3.2,,2.5,,1.8,,1.1,,1.1,,1.1,,,,
Upper middle income,UMC,Population living in slums (% of urban population),EN.POP.SLUM.UR.ZS,,,,,,,,,,,,,,,,,,,,,,,,,,,,,,,,,,,,,,,,,,,,,,,,,,,,,,,,,,,,,,,
Uruguay,URY,Population living in slums (% of urban population),EN.POP.SLUM.UR.ZS,,,,,,,,,,,,,,,,,,,,,,,,,,,,,,,,,,,,,,,,,23.7,,23.7,,23.67571,,19.95,,16.22429,,12.49857,,8.77286,,5.04714,,,,,,,,
United States,USA,Population living in slums (% of urban population),EN.POP.SLUM.UR.ZS,,,,,,,,,,,,,,,,,,,,,,,,,,,,,,,,,,,,,,,,,,,,,,,,,,,,,,,,,,,,,,,
Uzbekistan,UZB,Population living in slums (% of urban population),EN.POP.SLUM.UR.ZS,,,,,,,,,,,,,,,,,,,,,,,,,,,,,,,,,,,,,,,,,,,,,,,,,,,,,,,,,,,,,,,
St. Vincent and the Grenadines,VCT,Population living in slums (% of urban population),EN.POP.SLUM.UR.ZS,,,,,,,,,,,,,,,,,,,,,,,,,,,,,,,,,,,,,,,,,,,,,,,,,,,,,,,,,,,,,,,
"Venezuela, RB",VEN,Population living in slums (% of urban population),EN.POP.SLUM.UR.ZS,,,,,,,,,,,,,,,,,,,,,,,,,,,,,,,,,,,,,,,,,27.82014,,26.40689,,25.7,,25.7,,,,,,,,,,,,,,,,
British Virgin Islands,VGB,Population living in slums (% of urban population),EN.POP.SLUM.UR.ZS,,,,,,,,,,,,,,,,,,,,,,,,,,,,,,,,,,,,,,,,,,,,,,,,,,,,,,,,,,,,,,,
Virgin Islands (U.S.),VIR,Population living in slums (% of urban population),EN.POP.SLUM.UR.ZS,,,,,,,,,,,,,,,,,,,,,,,,,,,,,,,,,,,,,,,,,,,,,,,,,,,,,,,,,,,,,,,
Vietnam,VNM,Population living in slums (% of urban population),EN.POP.SLUM.UR.ZS,,,,,,,,,,,,,,,,,,,,,,,,,,,,,,,,,,,,,,,,,45.31667,,40.37283,,35.429,,30.48516,,25.54133,,20.59749,,15.65365,,10.70982,,5.76598,,5.76598,,5.76598,,
Vanuatu,VUT,Population living in slums (% of urban population),EN.POP.SLUM.UR.ZS,,,,,,,,,,,,,,,,,,,,,,,,,,,,,,,,,,,,,,,,,,,,,,,,,,,,,,,,,,,,,,,
World,WLD,Population living in slums (% of urban population),EN.POP.SLUM.UR.ZS,,,,,,,,,,,,,,,,,,,,,,,,,,,,,,,,,,,,,,,,,,,,,,,,,,,,,,,,,,,,,,,
Samoa,WSM,Population living in slums (% of urban population),EN.POP.SLUM.UR.ZS,,,,,,,,,,,,,,,,,,,,,,,,,,,,,,,,,,,,,,,,,,,,,,,,,,,,,,,,,,,,,,,
Kosovo,XKX,Population living in slums (% of urban population),EN.POP.SLUM.UR.ZS,,,,,,,,,,,,,,,,,,,,,,,,,,,,,,,,,,,,,,,,,,,,,,,,,,,,,,,,,,,,,,,
"Yemen, Rep.",YEM,Population living in slums (% of urban population),EN.POP.SLUM.UR.ZS,,,,,,,,,,,,,,,,,,,,,,,,,,,,,,,,,,,,,,,,,63.81216,,61.19064,,58.56911,,55.94758,,53.32605,,50.70453,,48.083,,45.46147,,44.2,,44.2,,,,
South Africa,ZAF,Population living in slums (% of urban population),EN.POP.SLUM.UR.ZS,,,,,,,,,,,,,,,,,,,,,,,,,,,,,,,,,,,,,,,,,27.60971,,27.22887,,26.84803,,26.46718,,26.08634,,25.7055,,25.32466,,24.94382,,24.56298,,24.18213,,24.2,,
Zambia,ZMB,Population living in slums (% of urban population),EN.POP.SLUM.UR.ZS,,,,,,,,,,,,,,,,,,,,,,,,,,,,,,,,,,,,,,,,,63.78455,,62.23191,,60.67926,,59.12662,,57.57398,,56.02134,,54.4687,,52.91605,,51.36341,,49.81077,,48.25813,,
Zimbabwe,ZWE,Population living in slums (% of urban population),EN.POP.SLUM.UR.ZS,,,,,,,,,,,,,,,,,,,,,,,,,,,,,,,,,,,,,,,,,27.52175,,26.92639,,26.33104,,25.73569,,25.14033,,24.54498,,23.94962,,23.35427,,22.75892,,22.16356,,21.56821,,
