Country Name,Code,Indicator Name,Indicator Code,Year,Ratio
Aruba,ABW,Poverty headcount ratio at $2.15 a day (2017 PPP) (% of population),SI.POV.DDAY,2018,
Africa Eastern and Southern,AFE,Poverty headcount ratio at $2.15 a day (2017 PPP) (% of population),SI.POV.DDAY,2018,
Afghanistan,AFG,Poverty headcount ratio at $2.15 a day (2017 PPP) (% of population),SI.POV.DDAY,2018,
Africa Western and Central,AFW,Poverty headcount ratio at $2.15 a day (2017 PPP) (% of population),SI.POV.DDAY,2018,
Angola,AGO,Poverty headcount ratio at $2.15 a day (2017 PPP) (% of population),SI.POV.DDAY,2018,31.1
Albania,ALB,Poverty headcount ratio at $2.15 a day (2017 PPP) (% of population),SI.POV.DDAY,2018,0
Andorra,AND,Poverty headcount ratio at $2.15 a day (2017 PPP) (% of population),SI.POV.DDAY,2018,
Arab World,ARB,Poverty headcount ratio at $2.15 a day (2017 PPP) (% of population),SI.POV.DDAY,2018,
United Arab Emirates,ARE,Poverty headcount ratio at $2.15 a day (2017 PPP) (% of population),SI.POV.DDAY,2018,0
Argentina,ARG,Poverty headcount ratio at $2.15 a day (2017 PPP) (% of population),SI.POV.DDAY,2018,0.8
Armenia,ARM,Poverty headcount ratio at $2.15 a day (2017 PPP) (% of population),SI.POV.DDAY,2018,1.3
American Samoa,ASM,Poverty headcount ratio at $2.15 a day (2017 PPP) (% of population),SI.POV.DDAY,2018,
Antigua and Barbuda,ATG,Poverty headcount ratio at $2.15 a day (2017 PPP) (% of population),SI.POV.DDAY,2018,
Australia,AUS,Poverty headcount ratio at $2.15 a day (2017 PPP) (% of population),SI.POV.DDAY,2018,0.5
Austria,AUT,Poverty headcount ratio at $2.15 a day (2017 PPP) (% of population),SI.POV.DDAY,2018,0.6
Azerbaijan,AZE,Poverty headcount ratio at $2.15 a day (2017 PPP) (% of population),SI.POV.DDAY,2018,
Burundi,BDI,Poverty headcount ratio at $2.15 a day (2017 PPP) (% of population),SI.POV.DDAY,2018,
Belgium,BEL,Poverty headcount ratio at $2.15 a day (2017 PPP) (% of population),SI.POV.DDAY,2018,0.1
Benin,BEN,Poverty headcount ratio at $2.15 a day (2017 PPP) (% of population),SI.POV.DDAY,2018,19.9
Burkina Faso,BFA,Poverty headcount ratio at $2.15 a day (2017 PPP) (% of population),SI.POV.DDAY,2018,30.5
Bangladesh,BGD,Poverty headcount ratio at $2.15 a day (2017 PPP) (% of population),SI.POV.DDAY,2018,
Bulgaria,BGR,Poverty headcount ratio at $2.15 a day (2017 PPP) (% of population),SI.POV.DDAY,2018,0.9
Bahrain,BHR,Poverty headcount ratio at $2.15 a day (2017 PPP) (% of population),SI.POV.DDAY,2018,
"Bahamas, The",BHS,Poverty headcount ratio at $2.15 a day (2017 PPP) (% of population),SI.POV.DDAY,2018,
Bosnia and Herzegovina,BIH,Poverty headcount ratio at $2.15 a day (2017 PPP) (% of population),SI.POV.DDAY,2018,
Belarus,BLR,Poverty headcount ratio at $2.15 a day (2017 PPP) (% of population),SI.POV.DDAY,2018,0
Belize,BLZ,Poverty headcount ratio at $2.15 a day (2017 PPP) (% of population),SI.POV.DDAY,2018,
Bermuda,BMU,Poverty headcount ratio at $2.15 a day (2017 PPP) (% of population),SI.POV.DDAY,2018,
Bolivia,BOL,Poverty headcount ratio at $2.15 a day (2017 PPP) (% of population),SI.POV.DDAY,2018,3.3
Brazil,BRA,Poverty headcount ratio at $2.15 a day (2017 PPP) (% of population),SI.POV.DDAY,2018,5.3
Barbados,BRB,Poverty headcount ratio at $2.15 a day (2017 PPP) (% of population),SI.POV.DDAY,2018,
Brunei Darussalam,BRN,Poverty headcount ratio at $2.15 a day (2017 PPP) (% of population),SI.POV.DDAY,2018,
Bhutan,BTN,Poverty headcount ratio at $2.15 a day (2017 PPP) (% of population),SI.POV.DDAY,2018,
Botswana,BWA,Poverty headcount ratio at $2.15 a day (2017 PPP) (% of population),SI.POV.DDAY,2018,
Central African Republic,CAF,Poverty headcount ratio at $2.15 a day (2017 PPP) (% of population),SI.POV.DDAY,2018,
Canada,CAN,Poverty headcount ratio at $2.15 a day (2017 PPP) (% of population),SI.POV.DDAY,2018,0.2
Central Europe and the Baltics,CEB,Poverty headcount ratio at $2.15 a day (2017 PPP) (% of population),SI.POV.DDAY,2018,
Switzerland,CHE,Poverty headcount ratio at $2.15 a day (2017 PPP) (% of population),SI.POV.DDAY,2018,0
Channel Islands,CHI,Poverty headcount ratio at $2.15 a day (2017 PPP) (% of population),SI.POV.DDAY,2018,
Chile,CHL,Poverty headcount ratio at $2.15 a day (2017 PPP) (% of population),SI.POV.DDAY,2018,
China,CHN,Poverty headcount ratio at $2.15 a day (2017 PPP) (% of population),SI.POV.DDAY,2018,0.4
Cote d'Ivoire,CIV,Poverty headcount ratio at $2.15 a day (2017 PPP) (% of population),SI.POV.DDAY,2018,11.4
Cameroon,CMR,Poverty headcount ratio at $2.15 a day (2017 PPP) (% of population),SI.POV.DDAY,2018,
"Congo, Dem. Rep.",COD,Poverty headcount ratio at $2.15 a day (2017 PPP) (% of population),SI.POV.DDAY,2018,
"Congo, Rep.",COG,Poverty headcount ratio at $2.15 a day (2017 PPP) (% of population),SI.POV.DDAY,2018,
Colombia,COL,Poverty headcount ratio at $2.15 a day (2017 PPP) (% of population),SI.POV.DDAY,2018,4.5
Comoros,COM,Poverty headcount ratio at $2.15 a day (2017 PPP) (% of population),SI.POV.DDAY,2018,
Cabo Verde,CPV,Poverty headcount ratio at $2.15 a day (2017 PPP) (% of population),SI.POV.DDAY,2018,
Costa Rica,CRI,Poverty headcount ratio at $2.15 a day (2017 PPP) (% of population),SI.POV.DDAY,2018,1.5
Caribbean small states,CSS,Poverty headcount ratio at $2.15 a day (2017 PPP) (% of population),SI.POV.DDAY,2018,
Cuba,CUB,Poverty headcount ratio at $2.15 a day (2017 PPP) (% of population),SI.POV.DDAY,2018,
Curacao,CUW,Poverty headcount ratio at $2.15 a day (2017 PPP) (% of population),SI.POV.DDAY,2018,
Cayman Islands,CYM,Poverty headcount ratio at $2.15 a day (2017 PPP) (% of population),SI.POV.DDAY,2018,
Cyprus,CYP,Poverty headcount ratio at $2.15 a day (2017 PPP) (% of population),SI.POV.DDAY,2018,0
Czechia,CZE,Poverty headcount ratio at $2.15 a day (2017 PPP) (% of population),SI.POV.DDAY,2018,0
Germany,DEU,Poverty headcount ratio at $2.15 a day (2017 PPP) (% of population),SI.POV.DDAY,2018,0
Djibouti,DJI,Poverty headcount ratio at $2.15 a day (2017 PPP) (% of population),SI.POV.DDAY,2018,
Dominica,DMA,Poverty headcount ratio at $2.15 a day (2017 PPP) (% of population),SI.POV.DDAY,2018,
Denmark,DNK,Poverty headcount ratio at $2.15 a day (2017 PPP) (% of population),SI.POV.DDAY,2018,0.2
Dominican Republic,DOM,Poverty headcount ratio at $2.15 a day (2017 PPP) (% of population),SI.POV.DDAY,2018,0.8
Algeria,DZA,Poverty headcount ratio at $2.15 a day (2017 PPP) (% of population),SI.POV.DDAY,2018,
East Asia & Pacific (excluding high income),EAP,Poverty headcount ratio at $2.15 a day (2017 PPP) (% of population),SI.POV.DDAY,2018,
Early-demographic dividend,EAR,Poverty headcount ratio at $2.15 a day (2017 PPP) (% of population),SI.POV.DDAY,2018,
East Asia & Pacific,EAS,Poverty headcount ratio at $2.15 a day (2017 PPP) (% of population),SI.POV.DDAY,2018,1.6
Europe & Central Asia (excluding high income),ECA,Poverty headcount ratio at $2.15 a day (2017 PPP) (% of population),SI.POV.DDAY,2018,
Europe & Central Asia,ECS,Poverty headcount ratio at $2.15 a day (2017 PPP) (% of population),SI.POV.DDAY,2018,2.3
Ecuador,ECU,Poverty headcount ratio at $2.15 a day (2017 PPP) (% of population),SI.POV.DDAY,2018,3.3
"Egypt, Arab Rep.",EGY,Poverty headcount ratio at $2.15 a day (2017 PPP) (% of population),SI.POV.DDAY,2018,
Euro area,EMU,Poverty headcount ratio at $2.15 a day (2017 PPP) (% of population),SI.POV.DDAY,2018,
Eritrea,ERI,Poverty headcount ratio at $2.15 a day (2017 PPP) (% of population),SI.POV.DDAY,2018,
Spain,ESP,Poverty headcount ratio at $2.15 a day (2017 PPP) (% of population),SI.POV.DDAY,2018,0.8
Estonia,EST,Poverty headcount ratio at $2.15 a day (2017 PPP) (% of population),SI.POV.DDAY,2018,0.2
Ethiopia,ETH,Poverty headcount ratio at $2.15 a day (2017 PPP) (% of population),SI.POV.DDAY,2018,
European Union,EUU,Poverty headcount ratio at $2.15 a day (2017 PPP) (% of population),SI.POV.DDAY,2018,
Fragile and conflict affected situations,FCS,Poverty headcount ratio at $2.15 a day (2017 PPP) (% of population),SI.POV.DDAY,2018,31.5
Finland,FIN,Poverty headcount ratio at $2.15 a day (2017 PPP) (% of population),SI.POV.DDAY,2018,0.1
Fiji,FJI,Poverty headcount ratio at $2.15 a day (2017 PPP) (% of population),SI.POV.DDAY,2018,
France,FRA,Poverty headcount ratio at $2.15 a day (2017 PPP) (% of population),SI.POV.DDAY,2018,0
Faroe Islands,FRO,Poverty headcount ratio at $2.15 a day (2017 PPP) (% of population),SI.POV.DDAY,2018,
"Micronesia, Fed. Sts.",FSM,Poverty headcount ratio at $2.15 a day (2017 PPP) (% of population),SI.POV.DDAY,2018,
Gabon,GAB,Poverty headcount ratio at $2.15 a day (2017 PPP) (% of population),SI.POV.DDAY,2018,
United Kingdom,GBR,Poverty headcount ratio at $2.15 a day (2017 PPP) (% of population),SI.POV.DDAY,2018,0.5
Georgia,GEO,Poverty headcount ratio at $2.15 a day (2017 PPP) (% of population),SI.POV.DDAY,2018,5.6
Ghana,GHA,Poverty headcount ratio at $2.15 a day (2017 PPP) (% of population),SI.POV.DDAY,2018,
Gibraltar,GIB,Poverty headcount ratio at $2.15 a day (2017 PPP) (% of population),SI.POV.DDAY,2018,
Guinea,GIN,Poverty headcount ratio at $2.15 a day (2017 PPP) (% of population),SI.POV.DDAY,2018,13.8
"Gambia, The",GMB,Poverty headcount ratio at $2.15 a day (2017 PPP) (% of population),SI.POV.DDAY,2018,
Guinea-Bissau,GNB,Poverty headcount ratio at $2.15 a day (2017 PPP) (% of population),SI.POV.DDAY,2018,21.7
Equatorial Guinea,GNQ,Poverty headcount ratio at $2.15 a day (2017 PPP) (% of population),SI.POV.DDAY,2018,
Greece,GRC,Poverty headcount ratio at $2.15 a day (2017 PPP) (% of population),SI.POV.DDAY,2018,0.1
Grenada,GRD,Poverty headcount ratio at $2.15 a day (2017 PPP) (% of population),SI.POV.DDAY,2018,
Greenland,GRL,Poverty headcount ratio at $2.15 a day (2017 PPP) (% of population),SI.POV.DDAY,2018,
Guatemala,GTM,Poverty headcount ratio at $2.15 a day (2017 PPP) (% of population),SI.POV.DDAY,2018,
Guam,GUM,Poverty headcount ratio at $2.15 a day (2017 PPP) (% of population),SI.POV.DDAY,2018,
Guyana,GUY,Poverty headcount ratio at $2.15 a day (2017 PPP) (% of population),SI.POV.DDAY,2018,
High income,HIC,Poverty headcount ratio at $2.15 a day (2017 PPP) (% of population),SI.POV.DDAY,2018,0.6
"Hong Kong SAR, China",HKG,Poverty headcount ratio at $2.15 a day (2017 PPP) (% of population),SI.POV.DDAY,2018,
Honduras,HND,Poverty headcount ratio at $2.15 a day (2017 PPP) (% of population),SI.POV.DDAY,2018,14.2
Heavily indebted poor countries (HIPC),HPC,Poverty headcount ratio at $2.15 a day (2017 PPP) (% of population),SI.POV.DDAY,2018,
Croatia,HRV,Poverty headcount ratio at $2.15 a day (2017 PPP) (% of population),SI.POV.DDAY,2018,0.4
Haiti,HTI,Poverty headcount ratio at $2.15 a day (2017 PPP) (% of population),SI.POV.DDAY,2018,
Hungary,HUN,Poverty headcount ratio at $2.15 a day (2017 PPP) (% of population),SI.POV.DDAY,2018,0.2
IBRD only,IBD,Poverty headcount ratio at $2.15 a day (2017 PPP) (% of population),SI.POV.DDAY,2018,
IDA & IBRD total,IBT,Poverty headcount ratio at $2.15 a day (2017 PPP) (% of population),SI.POV.DDAY,2018,
IDA total,IDA,Poverty headcount ratio at $2.15 a day (2017 PPP) (% of population),SI.POV.DDAY,2018,27.4
IDA blend,IDB,Poverty headcount ratio at $2.15 a day (2017 PPP) (% of population),SI.POV.DDAY,2018,
Indonesia,IDN,Poverty headcount ratio at $2.15 a day (2017 PPP) (% of population),SI.POV.DDAY,2018,5.4
IDA only,IDX,Poverty headcount ratio at $2.15 a day (2017 PPP) (% of population),SI.POV.DDAY,2018,
Isle of Man,IMN,Poverty headcount ratio at $2.15 a day (2017 PPP) (% of population),SI.POV.DDAY,2018,
India,IND,Poverty headcount ratio at $2.15 a day (2017 PPP) (% of population),SI.POV.DDAY,2018,11.1
Not classified,INX,Poverty headcount ratio at $2.15 a day (2017 PPP) (% of population),SI.POV.DDAY,2018,
Ireland,IRL,Poverty headcount ratio at $2.15 a day (2017 PPP) (% of population),SI.POV.DDAY,2018,0
"Iran, Islamic Rep.",IRN,Poverty headcount ratio at $2.15 a day (2017 PPP) (% of population),SI.POV.DDAY,2018,0.9
Iraq,IRQ,Poverty headcount ratio at $2.15 a day (2017 PPP) (% of population),SI.POV.DDAY,2018,
Iceland,ISL,Poverty headcount ratio at $2.15 a day (2017 PPP) (% of population),SI.POV.DDAY,2018,
Israel,ISR,Poverty headcount ratio at $2.15 a day (2017 PPP) (% of population),SI.POV.DDAY,2018,0.5
Italy,ITA,Poverty headcount ratio at $2.15 a day (2017 PPP) (% of population),SI.POV.DDAY,2018,1.5
Jamaica,JAM,Poverty headcount ratio at $2.15 a day (2017 PPP) (% of population),SI.POV.DDAY,2018,
Jordan,JOR,Poverty headcount ratio at $2.15 a day (2017 PPP) (% of population),SI.POV.DDAY,2018,
Japan,JPN,Poverty headcount ratio at $2.15 a day (2017 PPP) (% of population),SI.POV.DDAY,2018,
Kazakhstan,KAZ,Poverty headcount ratio at $2.15 a day (2017 PPP) (% of population),SI.POV.DDAY,2018,0
Kenya,KEN,Poverty headcount ratio at $2.15 a day (2017 PPP) (% of population),SI.POV.DDAY,2018,
Kyrgyz Republic,KGZ,Poverty headcount ratio at $2.15 a day (2017 PPP) (% of population),SI.POV.DDAY,2018,0.7
Cambodia,KHM,Poverty headcount ratio at $2.15 a day (2017 PPP) (% of population),SI.POV.DDAY,2018,
Kiribati,KIR,Poverty headcount ratio at $2.15 a day (2017 PPP) (% of population),SI.POV.DDAY,2018,
St. Kitts and Nevis,KNA,Poverty headcount ratio at $2.15 a day (2017 PPP) (% of population),SI.POV.DDAY,2018,
"Korea, Rep.",KOR,Poverty headcount ratio at $2.15 a day (2017 PPP) (% of population),SI.POV.DDAY,2018,
Kuwait,KWT,Poverty headcount ratio at $2.15 a day (2017 PPP) (% of population),SI.POV.DDAY,2018,
Latin America & Caribbean (excluding high income),LAC,Poverty headcount ratio at $2.15 a day (2017 PPP) (% of population),SI.POV.DDAY,2018,
Lao PDR,LAO,Poverty headcount ratio at $2.15 a day (2017 PPP) (% of population),SI.POV.DDAY,2018,7.1
Lebanon,LBN,Poverty headcount ratio at $2.15 a day (2017 PPP) (% of population),SI.POV.DDAY,2018,
Liberia,LBR,Poverty headcount ratio at $2.15 a day (2017 PPP) (% of population),SI.POV.DDAY,2018,
Libya,LBY,Poverty headcount ratio at $2.15 a day (2017 PPP) (% of population),SI.POV.DDAY,2018,
St. Lucia,LCA,Poverty headcount ratio at $2.15 a day (2017 PPP) (% of population),SI.POV.DDAY,2018,
Latin America & Caribbean,LCN,Poverty headcount ratio at $2.15 a day (2017 PPP) (% of population),SI.POV.DDAY,2018,4.3
Least developed countries: UN classification,LDC,Poverty headcount ratio at $2.15 a day (2017 PPP) (% of population),SI.POV.DDAY,2018,
Low income,LIC,Poverty headcount ratio at $2.15 a day (2017 PPP) (% of population),SI.POV.DDAY,2018,
Liechtenstein,LIE,Poverty headcount ratio at $2.15 a day (2017 PPP) (% of population),SI.POV.DDAY,2018,
Sri Lanka,LKA,Poverty headcount ratio at $2.15 a day (2017 PPP) (% of population),SI.POV.DDAY,2018,
Lower middle income,LMC,Poverty headcount ratio at $2.15 a day (2017 PPP) (% of population),SI.POV.DDAY,2018,11.3
Low & middle income,LMY,Poverty headcount ratio at $2.15 a day (2017 PPP) (% of population),SI.POV.DDAY,2018,10.6
Lesotho,LSO,Poverty headcount ratio at $2.15 a day (2017 PPP) (% of population),SI.POV.DDAY,2018,
Late-demographic dividend,LTE,Poverty headcount ratio at $2.15 a day (2017 PPP) (% of population),SI.POV.DDAY,2018,
Lithuania,LTU,Poverty headcount ratio at $2.15 a day (2017 PPP) (% of population),SI.POV.DDAY,2018,0.9
Luxembourg,LUX,Poverty headcount ratio at $2.15 a day (2017 PPP) (% of population),SI.POV.DDAY,2018,0.3
Latvia,LVA,Poverty headcount ratio at $2.15 a day (2017 PPP) (% of population),SI.POV.DDAY,2018,0.4
"Macao SAR, China",MAC,Poverty headcount ratio at $2.15 a day (2017 PPP) (% of population),SI.POV.DDAY,2018,
St. Martin (French part),MAF,Poverty headcount ratio at $2.15 a day (2017 PPP) (% of population),SI.POV.DDAY,2018,
Morocco,MAR,Poverty headcount ratio at $2.15 a day (2017 PPP) (% of population),SI.POV.DDAY,2018,
Monaco,MCO,Poverty headcount ratio at $2.15 a day (2017 PPP) (% of population),SI.POV.DDAY,2018,
Moldova,MDA,Poverty headcount ratio at $2.15 a day (2017 PPP) (% of population),SI.POV.DDAY,2018,0
Madagascar,MDG,Poverty headcount ratio at $2.15 a day (2017 PPP) (% of population),SI.POV.DDAY,2018,
Maldives,MDV,Poverty headcount ratio at $2.15 a day (2017 PPP) (% of population),SI.POV.DDAY,2018,
Middle East & North Africa,MEA,Poverty headcount ratio at $2.15 a day (2017 PPP) (% of population),SI.POV.DDAY,2018,9.6
Mexico,MEX,Poverty headcount ratio at $2.15 a day (2017 PPP) (% of population),SI.POV.DDAY,2018,2.6
Marshall Islands,MHL,Poverty headcount ratio at $2.15 a day (2017 PPP) (% of population),SI.POV.DDAY,2018,
Middle income,MIC,Poverty headcount ratio at $2.15 a day (2017 PPP) (% of population),SI.POV.DDAY,2018,
North Macedonia,MKD,Poverty headcount ratio at $2.15 a day (2017 PPP) (% of population),SI.POV.DDAY,2018,3.4
Mali,MLI,Poverty headcount ratio at $2.15 a day (2017 PPP) (% of population),SI.POV.DDAY,2018,14.8
Malta,MLT,Poverty headcount ratio at $2.15 a day (2017 PPP) (% of population),SI.POV.DDAY,2018,0.1
Myanmar,MMR,Poverty headcount ratio at $2.15 a day (2017 PPP) (% of population),SI.POV.DDAY,2018,
Middle East & North Africa (excluding high income),MNA,Poverty headcount ratio at $2.15 a day (2017 PPP) (% of population),SI.POV.DDAY,2018,
Montenegro,MNE,Poverty headcount ratio at $2.15 a day (2017 PPP) (% of population),SI.POV.DDAY,2018,2.8
Mongolia,MNG,Poverty headcount ratio at $2.15 a day (2017 PPP) (% of population),SI.POV.DDAY,2018,0.7
Northern Mariana Islands,MNP,Poverty headcount ratio at $2.15 a day (2017 PPP) (% of population),SI.POV.DDAY,2018,
Mozambique,MOZ,Poverty headcount ratio at $2.15 a day (2017 PPP) (% of population),SI.POV.DDAY,2018,
Mauritania,MRT,Poverty headcount ratio at $2.15 a day (2017 PPP) (% of population),SI.POV.DDAY,2018,
Mauritius,MUS,Poverty headcount ratio at $2.15 a day (2017 PPP) (% of population),SI.POV.DDAY,2018,
Malawi,MWI,Poverty headcount ratio at $2.15 a day (2017 PPP) (% of population),SI.POV.DDAY,2018,
Malaysia,MYS,Poverty headcount ratio at $2.15 a day (2017 PPP) (% of population),SI.POV.DDAY,2018,0
North America,NAC,Poverty headcount ratio at $2.15 a day (2017 PPP) (% of population),SI.POV.DDAY,2018,
Namibia,NAM,Poverty headcount ratio at $2.15 a day (2017 PPP) (% of population),SI.POV.DDAY,2018,
New Caledonia,NCL,Poverty headcount ratio at $2.15 a day (2017 PPP) (% of population),SI.POV.DDAY,2018,
Niger,NER,Poverty headcount ratio at $2.15 a day (2017 PPP) (% of population),SI.POV.DDAY,2018,50.6
Nigeria,NGA,Poverty headcount ratio at $2.15 a day (2017 PPP) (% of population),SI.POV.DDAY,2018,30.9
Nicaragua,NIC,Poverty headcount ratio at $2.15 a day (2017 PPP) (% of population),SI.POV.DDAY,2018,
Netherlands,NLD,Poverty headcount ratio at $2.15 a day (2017 PPP) (% of population),SI.POV.DDAY,2018,0.1
Norway,NOR,Poverty headcount ratio at $2.15 a day (2017 PPP) (% of population),SI.POV.DDAY,2018,0.3
Nepal,NPL,Poverty headcount ratio at $2.15 a day (2017 PPP) (% of population),SI.POV.DDAY,2018,
Nauru,NRU,Poverty headcount ratio at $2.15 a day (2017 PPP) (% of population),SI.POV.DDAY,2018,
New Zealand,NZL,Poverty headcount ratio at $2.15 a day (2017 PPP) (% of population),SI.POV.DDAY,2018,
OECD members,OED,Poverty headcount ratio at $2.15 a day (2017 PPP) (% of population),SI.POV.DDAY,2018,
Oman,OMN,Poverty headcount ratio at $2.15 a day (2017 PPP) (% of population),SI.POV.DDAY,2018,
Other small states,OSS,Poverty headcount ratio at $2.15 a day (2017 PPP) (% of population),SI.POV.DDAY,2018,
Pakistan,PAK,Poverty headcount ratio at $2.15 a day (2017 PPP) (% of population),SI.POV.DDAY,2018,4.9
Panama,PAN,Poverty headcount ratio at $2.15 a day (2017 PPP) (% of population),SI.POV.DDAY,2018,1.4
Peru,PER,Poverty headcount ratio at $2.15 a day (2017 PPP) (% of population),SI.POV.DDAY,2018,3.6
Philippines,PHL,Poverty headcount ratio at $2.15 a day (2017 PPP) (% of population),SI.POV.DDAY,2018,3
Palau,PLW,Poverty headcount ratio at $2.15 a day (2017 PPP) (% of population),SI.POV.DDAY,2018,
Papua New Guinea,PNG,Poverty headcount ratio at $2.15 a day (2017 PPP) (% of population),SI.POV.DDAY,2018,
Poland,POL,Poverty headcount ratio at $2.15 a day (2017 PPP) (% of population),SI.POV.DDAY,2018,0.2
Pre-demographic dividend,PRE,Poverty headcount ratio at $2.15 a day (2017 PPP) (% of population),SI.POV.DDAY,2018,
Puerto Rico,PRI,Poverty headcount ratio at $2.15 a day (2017 PPP) (% of population),SI.POV.DDAY,2018,
"Korea, Dem. People's Rep.",PRK,Poverty headcount ratio at $2.15 a day (2017 PPP) (% of population),SI.POV.DDAY,2018,
Portugal,PRT,Poverty headcount ratio at $2.15 a day (2017 PPP) (% of population),SI.POV.DDAY,2018,0.3
Paraguay,PRY,Poverty headcount ratio at $2.15 a day (2017 PPP) (% of population),SI.POV.DDAY,2018,1.4
West Bank and Gaza,PSE,Poverty headcount ratio at $2.15 a day (2017 PPP) (% of population),SI.POV.DDAY,2018,
Pacific island small states,PSS,Poverty headcount ratio at $2.15 a day (2017 PPP) (% of population),SI.POV.DDAY,2018,
Post-demographic dividend,PST,Poverty headcount ratio at $2.15 a day (2017 PPP) (% of population),SI.POV.DDAY,2018,
French Polynesia,PYF,Poverty headcount ratio at $2.15 a day (2017 PPP) (% of population),SI.POV.DDAY,2018,
Qatar,QAT,Poverty headcount ratio at $2.15 a day (2017 PPP) (% of population),SI.POV.DDAY,2018,
Romania,ROU,Poverty headcount ratio at $2.15 a day (2017 PPP) (% of population),SI.POV.DDAY,2018,2.7
Russian Federation,RUS,Poverty headcount ratio at $2.15 a day (2017 PPP) (% of population),SI.POV.DDAY,2018,0
Rwanda,RWA,Poverty headcount ratio at $2.15 a day (2017 PPP) (% of population),SI.POV.DDAY,2018,
South Asia,SAS,Poverty headcount ratio at $2.15 a day (2017 PPP) (% of population),SI.POV.DDAY,2018,10.1
Saudi Arabia,SAU,Poverty headcount ratio at $2.15 a day (2017 PPP) (% of population),SI.POV.DDAY,2018,
Sudan,SDN,Poverty headcount ratio at $2.15 a day (2017 PPP) (% of population),SI.POV.DDAY,2018,
Senegal,SEN,Poverty headcount ratio at $2.15 a day (2017 PPP) (% of population),SI.POV.DDAY,2018,9.3
Singapore,SGP,Poverty headcount ratio at $2.15 a day (2017 PPP) (% of population),SI.POV.DDAY,2018,
Solomon Islands,SLB,Poverty headcount ratio at $2.15 a day (2017 PPP) (% of population),SI.POV.DDAY,2018,
Sierra Leone,SLE,Poverty headcount ratio at $2.15 a day (2017 PPP) (% of population),SI.POV.DDAY,2018,26.1
El Salvador,SLV,Poverty headcount ratio at $2.15 a day (2017 PPP) (% of population),SI.POV.DDAY,2018,1.8
San Marino,SMR,Poverty headcount ratio at $2.15 a day (2017 PPP) (% of population),SI.POV.DDAY,2018,
Somalia,SOM,Poverty headcount ratio at $2.15 a day (2017 PPP) (% of population),SI.POV.DDAY,2018,
Serbia,SRB,Poverty headcount ratio at $2.15 a day (2017 PPP) (% of population),SI.POV.DDAY,2018,2.9
Sub-Saharan Africa (excluding high income),SSA,Poverty headcount ratio at $2.15 a day (2017 PPP) (% of population),SI.POV.DDAY,2018,
South Sudan,SSD,Poverty headcount ratio at $2.15 a day (2017 PPP) (% of population),SI.POV.DDAY,2018,
Sub-Saharan Africa,SSF,Poverty headcount ratio at $2.15 a day (2017 PPP) (% of population),SI.POV.DDAY,2018,35.4
Small states,SST,Poverty headcount ratio at $2.15 a day (2017 PPP) (% of population),SI.POV.DDAY,2018,
Sao Tome and Principe,STP,Poverty headcount ratio at $2.15 a day (2017 PPP) (% of population),SI.POV.DDAY,2018,
Suriname,SUR,Poverty headcount ratio at $2.15 a day (2017 PPP) (% of population),SI.POV.DDAY,2018,
Slovak Republic,SVK,Poverty headcount ratio at $2.15 a day (2017 PPP) (% of population),SI.POV.DDAY,2018,0.2
Slovenia,SVN,Poverty headcount ratio at $2.15 a day (2017 PPP) (% of population),SI.POV.DDAY,2018,0
Sweden,SWE,Poverty headcount ratio at $2.15 a day (2017 PPP) (% of population),SI.POV.DDAY,2018,0.7
Eswatini,SWZ,Poverty headcount ratio at $2.15 a day (2017 PPP) (% of population),SI.POV.DDAY,2018,
Sint Maarten (Dutch part),SXM,Poverty headcount ratio at $2.15 a day (2017 PPP) (% of population),SI.POV.DDAY,2018,
Seychelles,SYC,Poverty headcount ratio at $2.15 a day (2017 PPP) (% of population),SI.POV.DDAY,2018,0.5
Syrian Arab Republic,SYR,Poverty headcount ratio at $2.15 a day (2017 PPP) (% of population),SI.POV.DDAY,2018,
Turks and Caicos Islands,TCA,Poverty headcount ratio at $2.15 a day (2017 PPP) (% of population),SI.POV.DDAY,2018,
Chad,TCD,Poverty headcount ratio at $2.15 a day (2017 PPP) (% of population),SI.POV.DDAY,2018,30.9
East Asia & Pacific (IDA & IBRD countries),TEA,Poverty headcount ratio at $2.15 a day (2017 PPP) (% of population),SI.POV.DDAY,2018,
Europe & Central Asia (IDA & IBRD countries),TEC,Poverty headcount ratio at $2.15 a day (2017 PPP) (% of population),SI.POV.DDAY,2018,
Togo,TGO,Poverty headcount ratio at $2.15 a day (2017 PPP) (% of population),SI.POV.DDAY,2018,28.1
Thailand,THA,Poverty headcount ratio at $2.15 a day (2017 PPP) (% of population),SI.POV.DDAY,2018,0
Tajikistan,TJK,Poverty headcount ratio at $2.15 a day (2017 PPP) (% of population),SI.POV.DDAY,2018,
Turkmenistan,TKM,Poverty headcount ratio at $2.15 a day (2017 PPP) (% of population),SI.POV.DDAY,2018,
Latin America & the Caribbean (IDA & IBRD countries),TLA,Poverty headcount ratio at $2.15 a day (2017 PPP) (% of population),SI.POV.DDAY,2018,
Timor-Leste,TLS,Poverty headcount ratio at $2.15 a day (2017 PPP) (% of population),SI.POV.DDAY,2018,
Middle East & North Africa (IDA & IBRD countries),TMN,Poverty headcount ratio at $2.15 a day (2017 PPP) (% of population),SI.POV.DDAY,2018,
Tonga,TON,Poverty headcount ratio at $2.15 a day (2017 PPP) (% of population),SI.POV.DDAY,2018,
South Asia (IDA & IBRD),TSA,Poverty headcount ratio at $2.15 a day (2017 PPP) (% of population),SI.POV.DDAY,2018,
Sub-Saharan Africa (IDA & IBRD countries),TSS,Poverty headcount ratio at $2.15 a day (2017 PPP) (% of population),SI.POV.DDAY,2018,
Trinidad and Tobago,TTO,Poverty headcount ratio at $2.15 a day (2017 PPP) (% of population),SI.POV.DDAY,2018,
Tunisia,TUN,Poverty headcount ratio at $2.15 a day (2017 PPP) (% of population),SI.POV.DDAY,2018,
Turkiye,TUR,Poverty headcount ratio at $2.15 a day (2017 PPP) (% of population),SI.POV.DDAY,2018,0
Tuvalu,TUV,Poverty headcount ratio at $2.15 a day (2017 PPP) (% of population),SI.POV.DDAY,2018,
Tanzania,TZA,Poverty headcount ratio at $2.15 a day (2017 PPP) (% of population),SI.POV.DDAY,2018,44.9
Uganda,UGA,Poverty headcount ratio at $2.15 a day (2017 PPP) (% of population),SI.POV.DDAY,2018,
Ukraine,UKR,Poverty headcount ratio at $2.15 a day (2017 PPP) (% of population),SI.POV.DDAY,2018,0
Upper middle income,UMC,Poverty headcount ratio at $2.15 a day (2017 PPP) (% of population),SI.POV.DDAY,2018,1.6
Uruguay,URY,Poverty headcount ratio at $2.15 a day (2017 PPP) (% of population),SI.POV.DDAY,2018,0.1
United States,USA,Poverty headcount ratio at $2.15 a day (2017 PPP) (% of population),SI.POV.DDAY,2018,1
Uzbekistan,UZB,Poverty headcount ratio at $2.15 a day (2017 PPP) (% of population),SI.POV.DDAY,2018,
St. Vincent and the Grenadines,VCT,Poverty headcount ratio at $2.15 a day (2017 PPP) (% of population),SI.POV.DDAY,2018,
"Venezuela, RB",VEN,Poverty headcount ratio at $2.15 a day (2017 PPP) (% of population),SI.POV.DDAY,2018,
British Virgin Islands,VGB,Poverty headcount ratio at $2.15 a day (2017 PPP) (% of population),SI.POV.DDAY,2018,
Virgin Islands (U.S.),VIR,Poverty headcount ratio at $2.15 a day (2017 PPP) (% of population),SI.POV.DDAY,2018,
Vietnam,VNM,Poverty headcount ratio at $2.15 a day (2017 PPP) (% of population),SI.POV.DDAY,2018,1.2
Vanuatu,VUT,Poverty headcount ratio at $2.15 a day (2017 PPP) (% of population),SI.POV.DDAY,2018,
World,WLD,Poverty headcount ratio at $2.15 a day (2017 PPP) (% of population),SI.POV.DDAY,2018,9
Samoa,WSM,Poverty headcount ratio at $2.15 a day (2017 PPP) (% of population),SI.POV.DDAY,2018,
Kosovo,XKX,Poverty headcount ratio at $2.15 a day (2017 PPP) (% of population),SI.POV.DDAY,2018,
"Yemen, Rep.",YEM,Poverty headcount ratio at $2.15 a day (2017 PPP) (% of population),SI.POV.DDAY,2018,
South Africa,ZAF,Poverty headcount ratio at $2.15 a day (2017 PPP) (% of population),SI.POV.DDAY,2018,
Zambia,ZMB,Poverty headcount ratio at $2.15 a day (2017 PPP) (% of population),SI.POV.DDAY,2018,
Zimbabwe,ZWE,Poverty headcount ratio at $2.15 a day (2017 PPP) (% of population),SI.POV.DDAY,2018,
